-- phpMyAdmin SQL Dump
-- version 5.2.1
-- https://www.phpmyadmin.net/
--
-- Host: localhost:3306
-- Generation Time: May 05, 2025 at 02:41 AM
-- Server version: 8.4.3
-- PHP Version: 8.3.16

SET SQL_MODE = "NO_AUTO_VALUE_ON_ZERO";
START TRANSACTION;
SET time_zone = "+00:00";


/*!40101 SET @OLD_CHARACTER_SET_CLIENT=@@CHARACTER_SET_CLIENT */;
/*!40101 SET @OLD_CHARACTER_SET_RESULTS=@@CHARACTER_SET_RESULTS */;
/*!40101 SET @OLD_COLLATION_CONNECTION=@@COLLATION_CONNECTION */;
/*!40101 SET NAMES utf8mb4 */;

--
-- Database: `perpus`
--

-- --------------------------------------------------------

--
-- Table structure for table `books`
--

CREATE TABLE `books` (
  `book_id` bigint UNSIGNED NOT NULL,
  `code` varchar(100) COLLATE utf8mb4_unicode_ci NOT NULL,
  `title` varchar(255) COLLATE utf8mb4_unicode_ci NOT NULL,
  `author` varchar(255) COLLATE utf8mb4_unicode_ci NOT NULL,
  `publisher` varchar(100) COLLATE utf8mb4_unicode_ci NOT NULL,
  `quantity` int NOT NULL,
  `image` varchar(100) COLLATE utf8mb4_unicode_ci NOT NULL,
  `status` varchar(255) COLLATE utf8mb4_unicode_ci NOT NULL DEFAULT 'Available',
  `created_at` timestamp NULL DEFAULT NULL,
  `updated_at` timestamp NULL DEFAULT NULL
) ENGINE=InnoDB DEFAULT CHARSET=utf8mb4 COLLATE=utf8mb4_unicode_ci;

--
-- Dumping data for table `books`
--

INSERT INTO `books` (`book_id`, `code`, `title`, `author`, `publisher`, `quantity`, `image`, `status`, `created_at`, `updated_at`) VALUES
(52, 'BK-5EBSBI', 'Sherlock Holmes: The Case Book of Sherlock Holmes', 'Sir Arthur Conan Doyle', 'Gramedia Pustaka Utama', 37, 'img/book_images/book_6809a8802bda4.webp', 'Available', '2025-04-23 19:57:04', '2025-05-02 08:49:26'),
(53, 'BK-4EAYPN', 'Sherlock Holmes: The Hound of Baskervilles', 'Sir Arthur Conan Doyle', 'Gramedia Pustaka Utama', 14, 'img/book_images/book_6809a8e6aa9b5.webp', 'Available', '2025-04-23 19:58:46', '2025-05-02 16:04:49'),
(54, 'BK-OA7LJF', 'Sherlock Holmes: The Adventure of Sherlock Holmes', 'Sir Arthur Conan Doyle', 'Gramedia Pustaka Utama', 71, 'img/book_images/book_6809ad4c79a02.webp', 'Available', '2025-04-23 20:17:32', '2025-05-02 07:28:32'),
(55, 'BK-MIGQNG', 'Sherlock Holmes: The Return of Sherlock Holmes', 'Sir Arthur Conan Doyle', 'Gramedia Pustaka Utama', 43, 'img/book_images/book_6809ad8b47d0b.webp', 'Available', '2025-04-23 20:18:35', '2025-05-02 04:21:08'),
(57, 'This is code', 'Mushoku Tensei', 'Rifujin na Magonote', 'Gramedia', 100, 'img/book_images/volume-01.jpg', 'Available', '2025-05-02 14:13:33', '2025-05-02 14:13:33'),
(59, 'This is c1ode1', 'Mushoku Tensei', 'Rifujin na Magonote', 'Gramedia', 100, 'img/book_images/volume-01.jpg', 'Available', '2025-05-02 14:14:46', '2025-05-02 14:14:46'),
(60, 'This is co3de1', 'Mushoku Tensei', 'Rifujin na Magonote', 'Gramedia', 100, 'img/book_images/volume-01.jpg', 'Available', '2025-05-02 14:14:46', '2025-05-02 14:14:46'),
(61, 'This 8is code1', 'Mushoku Tensei', 'Rifujin na Magonote', 'Gramedia', 100, 'img/book_images/volume-01.jpg', 'Available', '2025-05-02 14:14:46', '2025-05-02 14:14:46'),
(62, 'This is co4de1', 'Mushoku Tensei', 'Rifujin na Magonote', 'Gramedia', 100, 'img/book_images/volume-01.jpg', 'Available', '2025-05-02 14:14:46', '2025-05-02 14:14:46'),
(63, 'This is5 code1', 'Mushoku Tensei', 'Rifujin na Magonote', 'Gramedia', 100, 'img/book_images/volume-01.jpg', 'Available', '2025-05-02 14:14:46', '2025-05-02 14:14:46'),
(64, 'T2his is code1', 'Mushoku Tensei', 'Rifujin na Magonote', 'Gramedia', 100, 'img/book_images/volume-01.jpg', 'Available', '2025-05-02 14:14:46', '2025-05-02 14:14:46'),
(65, 'This is cod3e1', 'Mushoku Tensei', 'Rifujin na Magonote', 'Gramedia', 100, 'img/book_images/volume-01.jpg', 'Available', '2025-05-02 14:14:46', '2025-05-02 14:14:46'),
(66, 'This is9 code1', 'Mushoku Tensei', 'Rifujin na Magonote', 'Gramedia', 100, 'img/book_images/volume-01.jpg', 'Available', '2025-05-02 14:14:46', '2025-05-02 14:14:46'),
(67, 'This 5s code1', 'Mushoku Tensei', 'Rifujin na Magonote', 'Gramedia', 100, 'img/book_images/volume-01.jpg', 'Available', '2025-05-02 14:14:46', '2025-05-02 14:14:46'),
(68, 'This5 is code1', 'Mushoku Tensei', 'Rifujin na Magonote', 'Gramedia', 100, 'img/book_images/volume-01.jpg', 'Available', '2025-05-02 14:14:46', '2025-05-02 14:14:46'),
(69, 'T7his is code1', 'Mushoku Tensei', 'Rifujin na Magonote', 'Gramedia', 100, 'img/book_images/volume-01.jpg', 'Available', '2025-05-02 14:14:46', '2025-05-02 14:14:46'),
(70, 'This 5is code1', 'Mushoku Tensei', 'Rifujin na Magonote', 'Gramedia', 100, 'img/book_images/volume-01.jpg', 'Available', '2025-05-02 14:14:46', '2025-05-02 14:14:46'),
(71, 'This3 is code1', 'Mushoku Tensei', 'Rifujin na Magonote', 'Gramedia', 100, 'img/book_images/volume-01.jpg', 'Available', '2025-05-02 14:14:46', '2025-05-02 14:14:46'),
(72, 'T5his is code1', 'Mushoku Tensei', 'Rifujin na Magonote', 'Gramedia', 100, 'img/book_images/volume-01.jpg', 'Available', '2025-05-02 14:14:46', '2025-05-02 14:14:46'),
(73, 'This i1s code1', 'Mushoku Tensei', 'Rifujin na Magonote', 'Gramedia', 100, 'img/book_images/volume-01.jpg', 'Available', '2025-05-02 14:14:46', '2025-05-02 14:14:46'),
(74, 'This is 4code1', 'Mushoku Tensei', 'Rifujin na Magonote', 'Gramedia', 100, 'img/book_images/volume-01.jpg', 'Available', '2025-05-02 14:14:46', '2025-05-02 14:14:46'),
(75, 'This is 2code1', 'Mushoku Tensei', 'Rifujin na Magonote', 'Gramedia', 100, 'img/book_images/volume-01.jpg', 'Available', '2025-05-02 14:14:46', '2025-05-02 14:14:46'),
(76, 'This is 3code1', 'Mushoku Tensei', 'Rifujin na Magonote', 'Gramedia', 100, 'img/book_images/volume-01.jpg', 'Available', '2025-05-02 14:14:46', '2025-05-02 14:14:46'),
(77, 'This is code12', 'Mushoku Tensei', 'Rifujin na Magonote', 'Gramedia', 100, 'img/book_images/volume-01.jpg', 'Available', '2025-05-02 14:14:46', '2025-05-02 14:14:46');

-- --------------------------------------------------------

--
-- Table structure for table `book_genre`
--

CREATE TABLE `book_genre` (
  `book_id` bigint UNSIGNED NOT NULL,
  `genre_id` bigint UNSIGNED NOT NULL
) ENGINE=InnoDB DEFAULT CHARSET=utf8mb4 COLLATE=utf8mb4_unicode_ci;

--
-- Dumping data for table `book_genre`
--

INSERT INTO `book_genre` (`book_id`, `genre_id`) VALUES
(52, 39),
(53, 39),
(54, 39),
(55, 39),
(52, 42),
(53, 42),
(54, 42),
(55, 42),
(52, 44),
(53, 44),
(54, 44),
(55, 44),
(52, 45),
(53, 45),
(54, 45),
(55, 45),
(52, 49),
(53, 49),
(54, 49),
(55, 49),
(52, 50),
(53, 50),
(54, 50),
(55, 50),
(52, 51),
(53, 51),
(54, 51),
(55, 51),
(52, 52),
(53, 52),
(54, 52),
(55, 52);

-- --------------------------------------------------------

--
-- Table structure for table `borrows`
--

CREATE TABLE `borrows` (
  `borrow_id` bigint UNSIGNED NOT NULL,
  `borrow_code` varchar(100) COLLATE utf8mb4_unicode_ci NOT NULL,
  `user_id` bigint UNSIGNED NOT NULL,
  `book_id` bigint UNSIGNED NOT NULL,
  `status` enum('pending','approved','rejected','returned') CHARACTER SET utf8mb4 COLLATE utf8mb4_unicode_ci NOT NULL DEFAULT 'pending',
  `borrow_duration` int NOT NULL,
  `borrow_date` datetime NOT NULL DEFAULT CURRENT_TIMESTAMP,
  `return_date` date DEFAULT NULL,
  `created_at` timestamp NULL DEFAULT CURRENT_TIMESTAMP,
  `updated_at` timestamp NULL DEFAULT NULL
) ENGINE=InnoDB DEFAULT CHARSET=utf8mb4 COLLATE=utf8mb4_unicode_ci;

--
-- Dumping data for table `borrows`
--

INSERT INTO `borrows` (`borrow_id`, `borrow_code`, `user_id`, `book_id`, `status`, `borrow_duration`, `borrow_date`, `return_date`, `created_at`, `updated_at`) VALUES
(2, 'BR-ZQ51PKAD', 16, 52, 'rejected', 30, '2025-05-02 15:20:08', '2025-06-01', '2025-05-02 08:20:08', '2025-05-02 08:22:23'),
(3, 'BR-BBQRSQKZ', 16, 52, 'returned', 7, '2025-05-02 15:49:15', '2025-05-02', '2025-05-02 08:49:03', '2025-05-02 08:49:16'),
(4, 'BR-IFN4CIWP', 16, 52, 'approved', 7, '2025-05-02 15:49:26', '2025-05-09', '2025-05-02 08:49:18', '2025-05-02 08:49:26'),
(5, 'BR-QRYBMP5W', 16, 55, 'pending', 14, '2025-05-02 15:49:30', '2025-05-16', '2025-05-02 08:49:30', '2025-05-02 08:49:30'),
(7, 'BR-V9CPWOHO', 18, 53, 'rejected', 14, '2025-05-02 23:04:06', '2025-05-16', '2025-05-02 16:04:06', '2025-05-02 16:04:22'),
(8, 'BR-SN7RWLMB', 18, 53, 'approved', 7, '2025-05-02 23:04:49', '2025-05-09', '2025-05-02 16:04:29', '2025-05-02 16:04:49'),
(9, 'BR-B2ROEHHF', 18, 52, 'rejected', 7, '2025-05-02 23:04:53', '2025-05-09', '2025-05-02 16:04:53', '2025-05-02 16:10:16'),
(10, 'BR-VI3INO3X', 18, 57, 'rejected', 7, '2025-05-02 23:10:19', '2025-05-09', '2025-05-02 16:10:19', '2025-05-02 16:11:35'),
(11, 'BR-TOZVOS1A', 18, 52, 'pending', 7, '2025-05-02 23:11:39', '2025-05-09', '2025-05-02 16:11:39', '2025-05-02 16:11:39');

-- --------------------------------------------------------

--
-- Table structure for table `cache`
--

CREATE TABLE `cache` (
  `key` varchar(255) COLLATE utf8mb4_unicode_ci NOT NULL,
  `value` mediumtext COLLATE utf8mb4_unicode_ci NOT NULL,
  `expiration` int NOT NULL
) ENGINE=InnoDB DEFAULT CHARSET=utf8mb4 COLLATE=utf8mb4_unicode_ci;

--
-- Dumping data for table `cache`
--

INSERT INTO `cache` (`key`, `value`, `expiration`) VALUES
('laravel_cache_1574bddb75c78a6fd2251d61e2993b5146201319', 'i:1;', 1746013032),
('laravel_cache_1574bddb75c78a6fd2251d61e2993b5146201319:timer', 'i:1746013032;', 1746013032),
('laravel_cache_7b52009b64fd0a2a49e6d8a939753077792b0554', 'i:1;', 1746000397),
('laravel_cache_7b52009b64fd0a2a49e6d8a939753077792b0554:timer', 'i:1746000397;', 1746000397),
('laravel_cache_9e6a55b6b4563e652a23be9d623ca5055c356940', 'i:1;', 1746201758),
('laravel_cache_9e6a55b6b4563e652a23be9d623ca5055c356940:timer', 'i:1746201758;', 1746201758),
('laravel_cache_bd307a3ec329e10a2cff8fb87480823da114f8f4', 'i:1;', 1746006150),
('laravel_cache_bd307a3ec329e10a2cff8fb87480823da114f8f4:timer', 'i:1746006150;', 1746006150),
('laravel_cache_f1abd670358e036c31296e66b3b66c382ac00812', 'i:1;', 1746008604),
('laravel_cache_f1abd670358e036c31296e66b3b66c382ac00812:timer', 'i:1746008604;', 1746008604),
('laravel_cache_fa35e192121eabf3dabf9f5ea6abdbcbc107ac3b', 'i:2;', 1746008102),
('laravel_cache_fa35e192121eabf3dabf9f5ea6abdbcbc107ac3b:timer', 'i:1746008102;', 1746008102);

-- --------------------------------------------------------

--
-- Table structure for table `cache_locks`
--

CREATE TABLE `cache_locks` (
  `key` varchar(255) COLLATE utf8mb4_unicode_ci NOT NULL,
  `owner` varchar(255) COLLATE utf8mb4_unicode_ci NOT NULL,
  `expiration` int NOT NULL
) ENGINE=InnoDB DEFAULT CHARSET=utf8mb4 COLLATE=utf8mb4_unicode_ci;

-- --------------------------------------------------------

--
-- Table structure for table `failed_jobs`
--

CREATE TABLE `failed_jobs` (
  `id` bigint UNSIGNED NOT NULL,
  `uuid` varchar(255) COLLATE utf8mb4_unicode_ci NOT NULL,
  `connection` text COLLATE utf8mb4_unicode_ci NOT NULL,
  `queue` text COLLATE utf8mb4_unicode_ci NOT NULL,
  `payload` longtext COLLATE utf8mb4_unicode_ci NOT NULL,
  `exception` longtext COLLATE utf8mb4_unicode_ci NOT NULL,
  `failed_at` timestamp NOT NULL DEFAULT CURRENT_TIMESTAMP
) ENGINE=InnoDB DEFAULT CHARSET=utf8mb4 COLLATE=utf8mb4_unicode_ci;

--
-- Dumping data for table `failed_jobs`
--

INSERT INTO `failed_jobs` (`id`, `uuid`, `connection`, `queue`, `payload`, `exception`, `failed_at`) VALUES
(1, 'c74ffbb2-571e-4b03-bb9e-36219c731b03', 'database', 'default', '{\"uuid\":\"c74ffbb2-571e-4b03-bb9e-36219c731b03\",\"displayName\":\"App\\\\Events\\\\BookBorrowed\",\"job\":\"Illuminate\\\\Queue\\\\CallQueuedHandler@call\",\"maxTries\":null,\"maxExceptions\":null,\"failOnTimeout\":false,\"backoff\":null,\"timeout\":null,\"retryUntil\":null,\"data\":{\"commandName\":\"Illuminate\\\\Broadcasting\\\\BroadcastEvent\",\"command\":\"O:38:\\\"Illuminate\\\\Broadcasting\\\\BroadcastEvent\\\":14:{s:5:\\\"event\\\";O:23:\\\"App\\\\Events\\\\BookBorrowed\\\":2:{s:4:\\\"user\\\";O:45:\\\"Illuminate\\\\Contracts\\\\Database\\\\ModelIdentifier\\\":5:{s:5:\\\"class\\\";s:15:\\\"App\\\\Models\\\\User\\\";s:2:\\\"id\\\";i:3;s:9:\\\"relations\\\";a:0:{}s:10:\\\"connection\\\";s:5:\\\"mysql\\\";s:15:\\\"collectionClass\\\";N;}s:4:\\\"book\\\";O:45:\\\"Illuminate\\\\Contracts\\\\Database\\\\ModelIdentifier\\\":5:{s:5:\\\"class\\\";s:15:\\\"App\\\\Models\\\\Book\\\";s:2:\\\"id\\\";i:52;s:9:\\\"relations\\\";a:0:{}s:10:\\\"connection\\\";s:5:\\\"mysql\\\";s:15:\\\"collectionClass\\\";N;}}s:5:\\\"tries\\\";N;s:7:\\\"timeout\\\";N;s:7:\\\"backoff\\\";N;s:13:\\\"maxExceptions\\\";N;s:10:\\\"connection\\\";N;s:5:\\\"queue\\\";N;s:5:\\\"delay\\\";N;s:11:\\\"afterCommit\\\";N;s:10:\\\"middleware\\\";a:0:{}s:7:\\\"chained\\\";a:0:{}s:15:\\\"chainConnection\\\";N;s:10:\\\"chainQueue\\\";N;s:19:\\\"chainCatchCallbacks\\\";N;}\"}}', 'TypeError: Pusher\\Pusher::__construct(): Argument #1 ($auth_key) must be of type string, null given, called in E:\\Coding\\perpus\\library\\vendor\\laravel\\framework\\src\\Illuminate\\Broadcasting\\BroadcastManager.php on line 341 and defined in E:\\Coding\\perpus\\library\\vendor\\pusher\\pusher-php-server\\src\\Pusher.php:63\nStack trace:\n#0 E:\\Coding\\perpus\\library\\vendor\\laravel\\framework\\src\\Illuminate\\Broadcasting\\BroadcastManager.php(341): Pusher\\Pusher->__construct(NULL, NULL, NULL, Array, Object(GuzzleHttp\\Client))\n#1 E:\\Coding\\perpus\\library\\vendor\\laravel\\framework\\src\\Illuminate\\Broadcasting\\BroadcastManager.php(319): Illuminate\\Broadcasting\\BroadcastManager->pusher(Array)\n#2 E:\\Coding\\perpus\\library\\vendor\\laravel\\framework\\src\\Illuminate\\Broadcasting\\BroadcastManager.php(286): Illuminate\\Broadcasting\\BroadcastManager->createPusherDriver(Array)\n#3 E:\\Coding\\perpus\\library\\vendor\\laravel\\framework\\src\\Illuminate\\Broadcasting\\BroadcastManager.php(257): Illuminate\\Broadcasting\\BroadcastManager->resolve(\'pusher\')\n#4 E:\\Coding\\perpus\\library\\vendor\\laravel\\framework\\src\\Illuminate\\Broadcasting\\BroadcastManager.php(246): Illuminate\\Broadcasting\\BroadcastManager->get(\'pusher\')\n#5 E:\\Coding\\perpus\\library\\vendor\\laravel\\framework\\src\\Illuminate\\Broadcasting\\BroadcastManager.php(233): Illuminate\\Broadcasting\\BroadcastManager->driver(\'pusher\')\n#6 E:\\Coding\\perpus\\library\\vendor\\laravel\\framework\\src\\Illuminate\\Broadcasting\\BroadcastEvent.php(93): Illuminate\\Broadcasting\\BroadcastManager->connection(NULL)\n#7 E:\\Coding\\perpus\\library\\vendor\\laravel\\framework\\src\\Illuminate\\Container\\BoundMethod.php(36): Illuminate\\Broadcasting\\BroadcastEvent->handle(Object(Illuminate\\Broadcasting\\BroadcastManager))\n#8 E:\\Coding\\perpus\\library\\vendor\\laravel\\framework\\src\\Illuminate\\Container\\Util.php(43): Illuminate\\Container\\BoundMethod::{closure:Illuminate\\Container\\BoundMethod::call():35}()\n#9 E:\\Coding\\perpus\\library\\vendor\\laravel\\framework\\src\\Illuminate\\Container\\BoundMethod.php(95): Illuminate\\Container\\Util::unwrapIfClosure(Object(Closure))\n#10 E:\\Coding\\perpus\\library\\vendor\\laravel\\framework\\src\\Illuminate\\Container\\BoundMethod.php(35): Illuminate\\Container\\BoundMethod::callBoundMethod(Object(Illuminate\\Foundation\\Application), Array, Object(Closure))\n#11 E:\\Coding\\perpus\\library\\vendor\\laravel\\framework\\src\\Illuminate\\Container\\Container.php(754): Illuminate\\Container\\BoundMethod::call(Object(Illuminate\\Foundation\\Application), Array, Array, NULL)\n#12 E:\\Coding\\perpus\\library\\vendor\\laravel\\framework\\src\\Illuminate\\Bus\\Dispatcher.php(126): Illuminate\\Container\\Container->call(Array)\n#13 E:\\Coding\\perpus\\library\\vendor\\laravel\\framework\\src\\Illuminate\\Pipeline\\Pipeline.php(170): Illuminate\\Bus\\Dispatcher->{closure:Illuminate\\Bus\\Dispatcher::dispatchNow():123}(Object(Illuminate\\Broadcasting\\BroadcastEvent))\n#14 E:\\Coding\\perpus\\library\\vendor\\laravel\\framework\\src\\Illuminate\\Pipeline\\Pipeline.php(127): Illuminate\\Pipeline\\Pipeline->{closure:Illuminate\\Pipeline\\Pipeline::prepareDestination():168}(Object(Illuminate\\Broadcasting\\BroadcastEvent))\n#15 E:\\Coding\\perpus\\library\\vendor\\laravel\\framework\\src\\Illuminate\\Bus\\Dispatcher.php(130): Illuminate\\Pipeline\\Pipeline->then(Object(Closure))\n#16 E:\\Coding\\perpus\\library\\vendor\\laravel\\framework\\src\\Illuminate\\Queue\\CallQueuedHandler.php(126): Illuminate\\Bus\\Dispatcher->dispatchNow(Object(Illuminate\\Broadcasting\\BroadcastEvent), false)\n#17 E:\\Coding\\perpus\\library\\vendor\\laravel\\framework\\src\\Illuminate\\Pipeline\\Pipeline.php(170): Illuminate\\Queue\\CallQueuedHandler->{closure:Illuminate\\Queue\\CallQueuedHandler::dispatchThroughMiddleware():121}(Object(Illuminate\\Broadcasting\\BroadcastEvent))\n#18 E:\\Coding\\perpus\\library\\vendor\\laravel\\framework\\src\\Illuminate\\Pipeline\\Pipeline.php(127): Illuminate\\Pipeline\\Pipeline->{closure:Illuminate\\Pipeline\\Pipeline::prepareDestination():168}(Object(Illuminate\\Broadcasting\\BroadcastEvent))\n#19 E:\\Coding\\perpus\\library\\vendor\\laravel\\framework\\src\\Illuminate\\Queue\\CallQueuedHandler.php(121): Illuminate\\Pipeline\\Pipeline->then(Object(Closure))\n#20 E:\\Coding\\perpus\\library\\vendor\\laravel\\framework\\src\\Illuminate\\Queue\\CallQueuedHandler.php(69): Illuminate\\Queue\\CallQueuedHandler->dispatchThroughMiddleware(Object(Illuminate\\Queue\\Jobs\\DatabaseJob), Object(Illuminate\\Broadcasting\\BroadcastEvent))\n#21 E:\\Coding\\perpus\\library\\vendor\\laravel\\framework\\src\\Illuminate\\Queue\\Jobs\\Job.php(102): Illuminate\\Queue\\CallQueuedHandler->call(Object(Illuminate\\Queue\\Jobs\\DatabaseJob), Array)\n#22 E:\\Coding\\perpus\\library\\vendor\\laravel\\framework\\src\\Illuminate\\Queue\\Worker.php(442): Illuminate\\Queue\\Jobs\\Job->fire()\n#23 E:\\Coding\\perpus\\library\\vendor\\laravel\\framework\\src\\Illuminate\\Queue\\Worker.php(392): Illuminate\\Queue\\Worker->process(\'database\', Object(Illuminate\\Queue\\Jobs\\DatabaseJob), Object(Illuminate\\Queue\\WorkerOptions))\n#24 E:\\Coding\\perpus\\library\\vendor\\laravel\\framework\\src\\Illuminate\\Queue\\Worker.php(178): Illuminate\\Queue\\Worker->runJob(Object(Illuminate\\Queue\\Jobs\\DatabaseJob), \'database\', Object(Illuminate\\Queue\\WorkerOptions))\n#25 E:\\Coding\\perpus\\library\\vendor\\laravel\\framework\\src\\Illuminate\\Queue\\Console\\WorkCommand.php(149): Illuminate\\Queue\\Worker->daemon(\'database\', \'default\', Object(Illuminate\\Queue\\WorkerOptions))\n#26 E:\\Coding\\perpus\\library\\vendor\\laravel\\framework\\src\\Illuminate\\Queue\\Console\\WorkCommand.php(132): Illuminate\\Queue\\Console\\WorkCommand->runWorker(\'database\', \'default\')\n#27 E:\\Coding\\perpus\\library\\vendor\\laravel\\framework\\src\\Illuminate\\Container\\BoundMethod.php(36): Illuminate\\Queue\\Console\\WorkCommand->handle()\n#28 E:\\Coding\\perpus\\library\\vendor\\laravel\\framework\\src\\Illuminate\\Container\\Util.php(43): Illuminate\\Container\\BoundMethod::{closure:Illuminate\\Container\\BoundMethod::call():35}()\n#29 E:\\Coding\\perpus\\library\\vendor\\laravel\\framework\\src\\Illuminate\\Container\\BoundMethod.php(95): Illuminate\\Container\\Util::unwrapIfClosure(Object(Closure))\n#30 E:\\Coding\\perpus\\library\\vendor\\laravel\\framework\\src\\Illuminate\\Container\\BoundMethod.php(35): Illuminate\\Container\\BoundMethod::callBoundMethod(Object(Illuminate\\Foundation\\Application), Array, Object(Closure))\n#31 E:\\Coding\\perpus\\library\\vendor\\laravel\\framework\\src\\Illuminate\\Container\\Container.php(754): Illuminate\\Container\\BoundMethod::call(Object(Illuminate\\Foundation\\Application), Array, Array, NULL)\n#32 E:\\Coding\\perpus\\library\\vendor\\laravel\\framework\\src\\Illuminate\\Console\\Command.php(213): Illuminate\\Container\\Container->call(Array)\n#33 E:\\Coding\\perpus\\library\\vendor\\symfony\\console\\Command\\Command.php(279): Illuminate\\Console\\Command->execute(Object(Symfony\\Component\\Console\\Input\\ArgvInput), Object(Illuminate\\Console\\OutputStyle))\n#34 E:\\Coding\\perpus\\library\\vendor\\laravel\\framework\\src\\Illuminate\\Console\\Command.php(182): Symfony\\Component\\Console\\Command\\Command->run(Object(Symfony\\Component\\Console\\Input\\ArgvInput), Object(Illuminate\\Console\\OutputStyle))\n#35 E:\\Coding\\perpus\\library\\vendor\\symfony\\console\\Application.php(1094): Illuminate\\Console\\Command->run(Object(Symfony\\Component\\Console\\Input\\ArgvInput), Object(Symfony\\Component\\Console\\Output\\ConsoleOutput))\n#36 E:\\Coding\\perpus\\library\\vendor\\symfony\\console\\Application.php(342): Symfony\\Component\\Console\\Application->doRunCommand(Object(Illuminate\\Queue\\Console\\WorkCommand), Object(Symfony\\Component\\Console\\Input\\ArgvInput), Object(Symfony\\Component\\Console\\Output\\ConsoleOutput))\n#37 E:\\Coding\\perpus\\library\\vendor\\symfony\\console\\Application.php(193): Symfony\\Component\\Console\\Application->doRun(Object(Symfony\\Component\\Console\\Input\\ArgvInput), Object(Symfony\\Component\\Console\\Output\\ConsoleOutput))\n#38 E:\\Coding\\perpus\\library\\vendor\\laravel\\framework\\src\\Illuminate\\Foundation\\Console\\Kernel.php(198): Symfony\\Component\\Console\\Application->run(Object(Symfony\\Component\\Console\\Input\\ArgvInput), Object(Symfony\\Component\\Console\\Output\\ConsoleOutput))\n#39 E:\\Coding\\perpus\\library\\vendor\\laravel\\framework\\src\\Illuminate\\Foundation\\Application.php(1235): Illuminate\\Foundation\\Console\\Kernel->handle(Object(Symfony\\Component\\Console\\Input\\ArgvInput), Object(Symfony\\Component\\Console\\Output\\ConsoleOutput))\n#40 E:\\Coding\\perpus\\library\\artisan(16): Illuminate\\Foundation\\Application->handleCommand(Object(Symfony\\Component\\Console\\Input\\ArgvInput))\n#41 {main}', '2025-04-24 23:33:11'),
(2, '0ff5cd1c-4532-42e9-ba4e-7443758d02cf', 'database', 'default', '{\"uuid\":\"0ff5cd1c-4532-42e9-ba4e-7443758d02cf\",\"displayName\":\"App\\\\Events\\\\BookBorrowed\",\"job\":\"Illuminate\\\\Queue\\\\CallQueuedHandler@call\",\"maxTries\":null,\"maxExceptions\":null,\"failOnTimeout\":false,\"backoff\":null,\"timeout\":null,\"retryUntil\":null,\"data\":{\"commandName\":\"Illuminate\\\\Broadcasting\\\\BroadcastEvent\",\"command\":\"O:38:\\\"Illuminate\\\\Broadcasting\\\\BroadcastEvent\\\":14:{s:5:\\\"event\\\";O:23:\\\"App\\\\Events\\\\BookBorrowed\\\":2:{s:4:\\\"user\\\";O:45:\\\"Illuminate\\\\Contracts\\\\Database\\\\ModelIdentifier\\\":5:{s:5:\\\"class\\\";s:15:\\\"App\\\\Models\\\\User\\\";s:2:\\\"id\\\";i:3;s:9:\\\"relations\\\";a:0:{}s:10:\\\"connection\\\";s:5:\\\"mysql\\\";s:15:\\\"collectionClass\\\";N;}s:4:\\\"book\\\";O:45:\\\"Illuminate\\\\Contracts\\\\Database\\\\ModelIdentifier\\\":5:{s:5:\\\"class\\\";s:15:\\\"App\\\\Models\\\\Book\\\";s:2:\\\"id\\\";i:52;s:9:\\\"relations\\\";a:0:{}s:10:\\\"connection\\\";s:5:\\\"mysql\\\";s:15:\\\"collectionClass\\\";N;}}s:5:\\\"tries\\\";N;s:7:\\\"timeout\\\";N;s:7:\\\"backoff\\\";N;s:13:\\\"maxExceptions\\\";N;s:10:\\\"connection\\\";N;s:5:\\\"queue\\\";N;s:5:\\\"delay\\\";N;s:11:\\\"afterCommit\\\";N;s:10:\\\"middleware\\\";a:0:{}s:7:\\\"chained\\\";a:0:{}s:15:\\\"chainConnection\\\";N;s:10:\\\"chainQueue\\\";N;s:19:\\\"chainCatchCallbacks\\\";N;}\"}}', 'TypeError: Pusher\\Pusher::__construct(): Argument #1 ($auth_key) must be of type string, null given, called in E:\\Coding\\perpus\\library\\vendor\\laravel\\framework\\src\\Illuminate\\Broadcasting\\BroadcastManager.php on line 341 and defined in E:\\Coding\\perpus\\library\\vendor\\pusher\\pusher-php-server\\src\\Pusher.php:63\nStack trace:\n#0 E:\\Coding\\perpus\\library\\vendor\\laravel\\framework\\src\\Illuminate\\Broadcasting\\BroadcastManager.php(341): Pusher\\Pusher->__construct(NULL, NULL, NULL, Array, Object(GuzzleHttp\\Client))\n#1 E:\\Coding\\perpus\\library\\vendor\\laravel\\framework\\src\\Illuminate\\Broadcasting\\BroadcastManager.php(319): Illuminate\\Broadcasting\\BroadcastManager->pusher(Array)\n#2 E:\\Coding\\perpus\\library\\vendor\\laravel\\framework\\src\\Illuminate\\Broadcasting\\BroadcastManager.php(286): Illuminate\\Broadcasting\\BroadcastManager->createPusherDriver(Array)\n#3 E:\\Coding\\perpus\\library\\vendor\\laravel\\framework\\src\\Illuminate\\Broadcasting\\BroadcastManager.php(257): Illuminate\\Broadcasting\\BroadcastManager->resolve(\'pusher\')\n#4 E:\\Coding\\perpus\\library\\vendor\\laravel\\framework\\src\\Illuminate\\Broadcasting\\BroadcastManager.php(246): Illuminate\\Broadcasting\\BroadcastManager->get(\'pusher\')\n#5 E:\\Coding\\perpus\\library\\vendor\\laravel\\framework\\src\\Illuminate\\Broadcasting\\BroadcastManager.php(233): Illuminate\\Broadcasting\\BroadcastManager->driver(\'pusher\')\n#6 E:\\Coding\\perpus\\library\\vendor\\laravel\\framework\\src\\Illuminate\\Broadcasting\\BroadcastEvent.php(93): Illuminate\\Broadcasting\\BroadcastManager->connection(NULL)\n#7 E:\\Coding\\perpus\\library\\vendor\\laravel\\framework\\src\\Illuminate\\Container\\BoundMethod.php(36): Illuminate\\Broadcasting\\BroadcastEvent->handle(Object(Illuminate\\Broadcasting\\BroadcastManager))\n#8 E:\\Coding\\perpus\\library\\vendor\\laravel\\framework\\src\\Illuminate\\Container\\Util.php(43): Illuminate\\Container\\BoundMethod::{closure:Illuminate\\Container\\BoundMethod::call():35}()\n#9 E:\\Coding\\perpus\\library\\vendor\\laravel\\framework\\src\\Illuminate\\Container\\BoundMethod.php(95): Illuminate\\Container\\Util::unwrapIfClosure(Object(Closure))\n#10 E:\\Coding\\perpus\\library\\vendor\\laravel\\framework\\src\\Illuminate\\Container\\BoundMethod.php(35): Illuminate\\Container\\BoundMethod::callBoundMethod(Object(Illuminate\\Foundation\\Application), Array, Object(Closure))\n#11 E:\\Coding\\perpus\\library\\vendor\\laravel\\framework\\src\\Illuminate\\Container\\Container.php(754): Illuminate\\Container\\BoundMethod::call(Object(Illuminate\\Foundation\\Application), Array, Array, NULL)\n#12 E:\\Coding\\perpus\\library\\vendor\\laravel\\framework\\src\\Illuminate\\Bus\\Dispatcher.php(126): Illuminate\\Container\\Container->call(Array)\n#13 E:\\Coding\\perpus\\library\\vendor\\laravel\\framework\\src\\Illuminate\\Pipeline\\Pipeline.php(170): Illuminate\\Bus\\Dispatcher->{closure:Illuminate\\Bus\\Dispatcher::dispatchNow():123}(Object(Illuminate\\Broadcasting\\BroadcastEvent))\n#14 E:\\Coding\\perpus\\library\\vendor\\laravel\\framework\\src\\Illuminate\\Pipeline\\Pipeline.php(127): Illuminate\\Pipeline\\Pipeline->{closure:Illuminate\\Pipeline\\Pipeline::prepareDestination():168}(Object(Illuminate\\Broadcasting\\BroadcastEvent))\n#15 E:\\Coding\\perpus\\library\\vendor\\laravel\\framework\\src\\Illuminate\\Bus\\Dispatcher.php(130): Illuminate\\Pipeline\\Pipeline->then(Object(Closure))\n#16 E:\\Coding\\perpus\\library\\vendor\\laravel\\framework\\src\\Illuminate\\Queue\\CallQueuedHandler.php(126): Illuminate\\Bus\\Dispatcher->dispatchNow(Object(Illuminate\\Broadcasting\\BroadcastEvent), false)\n#17 E:\\Coding\\perpus\\library\\vendor\\laravel\\framework\\src\\Illuminate\\Pipeline\\Pipeline.php(170): Illuminate\\Queue\\CallQueuedHandler->{closure:Illuminate\\Queue\\CallQueuedHandler::dispatchThroughMiddleware():121}(Object(Illuminate\\Broadcasting\\BroadcastEvent))\n#18 E:\\Coding\\perpus\\library\\vendor\\laravel\\framework\\src\\Illuminate\\Pipeline\\Pipeline.php(127): Illuminate\\Pipeline\\Pipeline->{closure:Illuminate\\Pipeline\\Pipeline::prepareDestination():168}(Object(Illuminate\\Broadcasting\\BroadcastEvent))\n#19 E:\\Coding\\perpus\\library\\vendor\\laravel\\framework\\src\\Illuminate\\Queue\\CallQueuedHandler.php(121): Illuminate\\Pipeline\\Pipeline->then(Object(Closure))\n#20 E:\\Coding\\perpus\\library\\vendor\\laravel\\framework\\src\\Illuminate\\Queue\\CallQueuedHandler.php(69): Illuminate\\Queue\\CallQueuedHandler->dispatchThroughMiddleware(Object(Illuminate\\Queue\\Jobs\\DatabaseJob), Object(Illuminate\\Broadcasting\\BroadcastEvent))\n#21 E:\\Coding\\perpus\\library\\vendor\\laravel\\framework\\src\\Illuminate\\Queue\\Jobs\\Job.php(102): Illuminate\\Queue\\CallQueuedHandler->call(Object(Illuminate\\Queue\\Jobs\\DatabaseJob), Array)\n#22 E:\\Coding\\perpus\\library\\vendor\\laravel\\framework\\src\\Illuminate\\Queue\\Worker.php(442): Illuminate\\Queue\\Jobs\\Job->fire()\n#23 E:\\Coding\\perpus\\library\\vendor\\laravel\\framework\\src\\Illuminate\\Queue\\Worker.php(392): Illuminate\\Queue\\Worker->process(\'database\', Object(Illuminate\\Queue\\Jobs\\DatabaseJob), Object(Illuminate\\Queue\\WorkerOptions))\n#24 E:\\Coding\\perpus\\library\\vendor\\laravel\\framework\\src\\Illuminate\\Queue\\Worker.php(178): Illuminate\\Queue\\Worker->runJob(Object(Illuminate\\Queue\\Jobs\\DatabaseJob), \'database\', Object(Illuminate\\Queue\\WorkerOptions))\n#25 E:\\Coding\\perpus\\library\\vendor\\laravel\\framework\\src\\Illuminate\\Queue\\Console\\WorkCommand.php(149): Illuminate\\Queue\\Worker->daemon(\'database\', \'default\', Object(Illuminate\\Queue\\WorkerOptions))\n#26 E:\\Coding\\perpus\\library\\vendor\\laravel\\framework\\src\\Illuminate\\Queue\\Console\\WorkCommand.php(132): Illuminate\\Queue\\Console\\WorkCommand->runWorker(\'database\', \'default\')\n#27 E:\\Coding\\perpus\\library\\vendor\\laravel\\framework\\src\\Illuminate\\Container\\BoundMethod.php(36): Illuminate\\Queue\\Console\\WorkCommand->handle()\n#28 E:\\Coding\\perpus\\library\\vendor\\laravel\\framework\\src\\Illuminate\\Container\\Util.php(43): Illuminate\\Container\\BoundMethod::{closure:Illuminate\\Container\\BoundMethod::call():35}()\n#29 E:\\Coding\\perpus\\library\\vendor\\laravel\\framework\\src\\Illuminate\\Container\\BoundMethod.php(95): Illuminate\\Container\\Util::unwrapIfClosure(Object(Closure))\n#30 E:\\Coding\\perpus\\library\\vendor\\laravel\\framework\\src\\Illuminate\\Container\\BoundMethod.php(35): Illuminate\\Container\\BoundMethod::callBoundMethod(Object(Illuminate\\Foundation\\Application), Array, Object(Closure))\n#31 E:\\Coding\\perpus\\library\\vendor\\laravel\\framework\\src\\Illuminate\\Container\\Container.php(754): Illuminate\\Container\\BoundMethod::call(Object(Illuminate\\Foundation\\Application), Array, Array, NULL)\n#32 E:\\Coding\\perpus\\library\\vendor\\laravel\\framework\\src\\Illuminate\\Console\\Command.php(213): Illuminate\\Container\\Container->call(Array)\n#33 E:\\Coding\\perpus\\library\\vendor\\symfony\\console\\Command\\Command.php(279): Illuminate\\Console\\Command->execute(Object(Symfony\\Component\\Console\\Input\\ArgvInput), Object(Illuminate\\Console\\OutputStyle))\n#34 E:\\Coding\\perpus\\library\\vendor\\laravel\\framework\\src\\Illuminate\\Console\\Command.php(182): Symfony\\Component\\Console\\Command\\Command->run(Object(Symfony\\Component\\Console\\Input\\ArgvInput), Object(Illuminate\\Console\\OutputStyle))\n#35 E:\\Coding\\perpus\\library\\vendor\\symfony\\console\\Application.php(1094): Illuminate\\Console\\Command->run(Object(Symfony\\Component\\Console\\Input\\ArgvInput), Object(Symfony\\Component\\Console\\Output\\ConsoleOutput))\n#36 E:\\Coding\\perpus\\library\\vendor\\symfony\\console\\Application.php(342): Symfony\\Component\\Console\\Application->doRunCommand(Object(Illuminate\\Queue\\Console\\WorkCommand), Object(Symfony\\Component\\Console\\Input\\ArgvInput), Object(Symfony\\Component\\Console\\Output\\ConsoleOutput))\n#37 E:\\Coding\\perpus\\library\\vendor\\symfony\\console\\Application.php(193): Symfony\\Component\\Console\\Application->doRun(Object(Symfony\\Component\\Console\\Input\\ArgvInput), Object(Symfony\\Component\\Console\\Output\\ConsoleOutput))\n#38 E:\\Coding\\perpus\\library\\vendor\\laravel\\framework\\src\\Illuminate\\Foundation\\Console\\Kernel.php(198): Symfony\\Component\\Console\\Application->run(Object(Symfony\\Component\\Console\\Input\\ArgvInput), Object(Symfony\\Component\\Console\\Output\\ConsoleOutput))\n#39 E:\\Coding\\perpus\\library\\vendor\\laravel\\framework\\src\\Illuminate\\Foundation\\Application.php(1235): Illuminate\\Foundation\\Console\\Kernel->handle(Object(Symfony\\Component\\Console\\Input\\ArgvInput), Object(Symfony\\Component\\Console\\Output\\ConsoleOutput))\n#40 E:\\Coding\\perpus\\library\\artisan(16): Illuminate\\Foundation\\Application->handleCommand(Object(Symfony\\Component\\Console\\Input\\ArgvInput))\n#41 {main}', '2025-04-24 23:38:04'),
(3, '580880f9-bc48-40ab-8897-e38081c68947', 'database', 'default', '{\"uuid\":\"580880f9-bc48-40ab-8897-e38081c68947\",\"displayName\":\"App\\\\Events\\\\BookBorrowed\",\"job\":\"Illuminate\\\\Queue\\\\CallQueuedHandler@call\",\"maxTries\":null,\"maxExceptions\":null,\"failOnTimeout\":false,\"backoff\":null,\"timeout\":null,\"retryUntil\":null,\"data\":{\"commandName\":\"Illuminate\\\\Broadcasting\\\\BroadcastEvent\",\"command\":\"O:38:\\\"Illuminate\\\\Broadcasting\\\\BroadcastEvent\\\":14:{s:5:\\\"event\\\";O:23:\\\"App\\\\Events\\\\BookBorrowed\\\":2:{s:4:\\\"user\\\";O:45:\\\"Illuminate\\\\Contracts\\\\Database\\\\ModelIdentifier\\\":5:{s:5:\\\"class\\\";s:15:\\\"App\\\\Models\\\\User\\\";s:2:\\\"id\\\";i:3;s:9:\\\"relations\\\";a:0:{}s:10:\\\"connection\\\";s:5:\\\"mysql\\\";s:15:\\\"collectionClass\\\";N;}s:4:\\\"book\\\";O:45:\\\"Illuminate\\\\Contracts\\\\Database\\\\ModelIdentifier\\\":5:{s:5:\\\"class\\\";s:15:\\\"App\\\\Models\\\\Book\\\";s:2:\\\"id\\\";i:53;s:9:\\\"relations\\\";a:0:{}s:10:\\\"connection\\\";s:5:\\\"mysql\\\";s:15:\\\"collectionClass\\\";N;}}s:5:\\\"tries\\\";N;s:7:\\\"timeout\\\";N;s:7:\\\"backoff\\\";N;s:13:\\\"maxExceptions\\\";N;s:10:\\\"connection\\\";N;s:5:\\\"queue\\\";N;s:5:\\\"delay\\\";N;s:11:\\\"afterCommit\\\";N;s:10:\\\"middleware\\\";a:0:{}s:7:\\\"chained\\\";a:0:{}s:15:\\\"chainConnection\\\";N;s:10:\\\"chainQueue\\\";N;s:19:\\\"chainCatchCallbacks\\\";N;}\"}}', 'TypeError: Pusher\\Pusher::__construct(): Argument #1 ($auth_key) must be of type string, null given, called in E:\\Coding\\perpus\\library\\vendor\\laravel\\framework\\src\\Illuminate\\Broadcasting\\BroadcastManager.php on line 341 and defined in E:\\Coding\\perpus\\library\\vendor\\pusher\\pusher-php-server\\src\\Pusher.php:63\nStack trace:\n#0 E:\\Coding\\perpus\\library\\vendor\\laravel\\framework\\src\\Illuminate\\Broadcasting\\BroadcastManager.php(341): Pusher\\Pusher->__construct(NULL, NULL, NULL, Array, Object(GuzzleHttp\\Client))\n#1 E:\\Coding\\perpus\\library\\vendor\\laravel\\framework\\src\\Illuminate\\Broadcasting\\BroadcastManager.php(319): Illuminate\\Broadcasting\\BroadcastManager->pusher(Array)\n#2 E:\\Coding\\perpus\\library\\vendor\\laravel\\framework\\src\\Illuminate\\Broadcasting\\BroadcastManager.php(286): Illuminate\\Broadcasting\\BroadcastManager->createPusherDriver(Array)\n#3 E:\\Coding\\perpus\\library\\vendor\\laravel\\framework\\src\\Illuminate\\Broadcasting\\BroadcastManager.php(257): Illuminate\\Broadcasting\\BroadcastManager->resolve(\'pusher\')\n#4 E:\\Coding\\perpus\\library\\vendor\\laravel\\framework\\src\\Illuminate\\Broadcasting\\BroadcastManager.php(246): Illuminate\\Broadcasting\\BroadcastManager->get(\'pusher\')\n#5 E:\\Coding\\perpus\\library\\vendor\\laravel\\framework\\src\\Illuminate\\Broadcasting\\BroadcastManager.php(233): Illuminate\\Broadcasting\\BroadcastManager->driver(\'pusher\')\n#6 E:\\Coding\\perpus\\library\\vendor\\laravel\\framework\\src\\Illuminate\\Broadcasting\\BroadcastEvent.php(93): Illuminate\\Broadcasting\\BroadcastManager->connection(NULL)\n#7 E:\\Coding\\perpus\\library\\vendor\\laravel\\framework\\src\\Illuminate\\Container\\BoundMethod.php(36): Illuminate\\Broadcasting\\BroadcastEvent->handle(Object(Illuminate\\Broadcasting\\BroadcastManager))\n#8 E:\\Coding\\perpus\\library\\vendor\\laravel\\framework\\src\\Illuminate\\Container\\Util.php(43): Illuminate\\Container\\BoundMethod::{closure:Illuminate\\Container\\BoundMethod::call():35}()\n#9 E:\\Coding\\perpus\\library\\vendor\\laravel\\framework\\src\\Illuminate\\Container\\BoundMethod.php(95): Illuminate\\Container\\Util::unwrapIfClosure(Object(Closure))\n#10 E:\\Coding\\perpus\\library\\vendor\\laravel\\framework\\src\\Illuminate\\Container\\BoundMethod.php(35): Illuminate\\Container\\BoundMethod::callBoundMethod(Object(Illuminate\\Foundation\\Application), Array, Object(Closure))\n#11 E:\\Coding\\perpus\\library\\vendor\\laravel\\framework\\src\\Illuminate\\Container\\Container.php(754): Illuminate\\Container\\BoundMethod::call(Object(Illuminate\\Foundation\\Application), Array, Array, NULL)\n#12 E:\\Coding\\perpus\\library\\vendor\\laravel\\framework\\src\\Illuminate\\Bus\\Dispatcher.php(126): Illuminate\\Container\\Container->call(Array)\n#13 E:\\Coding\\perpus\\library\\vendor\\laravel\\framework\\src\\Illuminate\\Pipeline\\Pipeline.php(170): Illuminate\\Bus\\Dispatcher->{closure:Illuminate\\Bus\\Dispatcher::dispatchNow():123}(Object(Illuminate\\Broadcasting\\BroadcastEvent))\n#14 E:\\Coding\\perpus\\library\\vendor\\laravel\\framework\\src\\Illuminate\\Pipeline\\Pipeline.php(127): Illuminate\\Pipeline\\Pipeline->{closure:Illuminate\\Pipeline\\Pipeline::prepareDestination():168}(Object(Illuminate\\Broadcasting\\BroadcastEvent))\n#15 E:\\Coding\\perpus\\library\\vendor\\laravel\\framework\\src\\Illuminate\\Bus\\Dispatcher.php(130): Illuminate\\Pipeline\\Pipeline->then(Object(Closure))\n#16 E:\\Coding\\perpus\\library\\vendor\\laravel\\framework\\src\\Illuminate\\Queue\\CallQueuedHandler.php(126): Illuminate\\Bus\\Dispatcher->dispatchNow(Object(Illuminate\\Broadcasting\\BroadcastEvent), false)\n#17 E:\\Coding\\perpus\\library\\vendor\\laravel\\framework\\src\\Illuminate\\Pipeline\\Pipeline.php(170): Illuminate\\Queue\\CallQueuedHandler->{closure:Illuminate\\Queue\\CallQueuedHandler::dispatchThroughMiddleware():121}(Object(Illuminate\\Broadcasting\\BroadcastEvent))\n#18 E:\\Coding\\perpus\\library\\vendor\\laravel\\framework\\src\\Illuminate\\Pipeline\\Pipeline.php(127): Illuminate\\Pipeline\\Pipeline->{closure:Illuminate\\Pipeline\\Pipeline::prepareDestination():168}(Object(Illuminate\\Broadcasting\\BroadcastEvent))\n#19 E:\\Coding\\perpus\\library\\vendor\\laravel\\framework\\src\\Illuminate\\Queue\\CallQueuedHandler.php(121): Illuminate\\Pipeline\\Pipeline->then(Object(Closure))\n#20 E:\\Coding\\perpus\\library\\vendor\\laravel\\framework\\src\\Illuminate\\Queue\\CallQueuedHandler.php(69): Illuminate\\Queue\\CallQueuedHandler->dispatchThroughMiddleware(Object(Illuminate\\Queue\\Jobs\\DatabaseJob), Object(Illuminate\\Broadcasting\\BroadcastEvent))\n#21 E:\\Coding\\perpus\\library\\vendor\\laravel\\framework\\src\\Illuminate\\Queue\\Jobs\\Job.php(102): Illuminate\\Queue\\CallQueuedHandler->call(Object(Illuminate\\Queue\\Jobs\\DatabaseJob), Array)\n#22 E:\\Coding\\perpus\\library\\vendor\\laravel\\framework\\src\\Illuminate\\Queue\\Worker.php(442): Illuminate\\Queue\\Jobs\\Job->fire()\n#23 E:\\Coding\\perpus\\library\\vendor\\laravel\\framework\\src\\Illuminate\\Queue\\Worker.php(392): Illuminate\\Queue\\Worker->process(\'database\', Object(Illuminate\\Queue\\Jobs\\DatabaseJob), Object(Illuminate\\Queue\\WorkerOptions))\n#24 E:\\Coding\\perpus\\library\\vendor\\laravel\\framework\\src\\Illuminate\\Queue\\Worker.php(178): Illuminate\\Queue\\Worker->runJob(Object(Illuminate\\Queue\\Jobs\\DatabaseJob), \'database\', Object(Illuminate\\Queue\\WorkerOptions))\n#25 E:\\Coding\\perpus\\library\\vendor\\laravel\\framework\\src\\Illuminate\\Queue\\Console\\WorkCommand.php(149): Illuminate\\Queue\\Worker->daemon(\'database\', \'default\', Object(Illuminate\\Queue\\WorkerOptions))\n#26 E:\\Coding\\perpus\\library\\vendor\\laravel\\framework\\src\\Illuminate\\Queue\\Console\\WorkCommand.php(132): Illuminate\\Queue\\Console\\WorkCommand->runWorker(\'database\', \'default\')\n#27 E:\\Coding\\perpus\\library\\vendor\\laravel\\framework\\src\\Illuminate\\Container\\BoundMethod.php(36): Illuminate\\Queue\\Console\\WorkCommand->handle()\n#28 E:\\Coding\\perpus\\library\\vendor\\laravel\\framework\\src\\Illuminate\\Container\\Util.php(43): Illuminate\\Container\\BoundMethod::{closure:Illuminate\\Container\\BoundMethod::call():35}()\n#29 E:\\Coding\\perpus\\library\\vendor\\laravel\\framework\\src\\Illuminate\\Container\\BoundMethod.php(95): Illuminate\\Container\\Util::unwrapIfClosure(Object(Closure))\n#30 E:\\Coding\\perpus\\library\\vendor\\laravel\\framework\\src\\Illuminate\\Container\\BoundMethod.php(35): Illuminate\\Container\\BoundMethod::callBoundMethod(Object(Illuminate\\Foundation\\Application), Array, Object(Closure))\n#31 E:\\Coding\\perpus\\library\\vendor\\laravel\\framework\\src\\Illuminate\\Container\\Container.php(754): Illuminate\\Container\\BoundMethod::call(Object(Illuminate\\Foundation\\Application), Array, Array, NULL)\n#32 E:\\Coding\\perpus\\library\\vendor\\laravel\\framework\\src\\Illuminate\\Console\\Command.php(213): Illuminate\\Container\\Container->call(Array)\n#33 E:\\Coding\\perpus\\library\\vendor\\symfony\\console\\Command\\Command.php(279): Illuminate\\Console\\Command->execute(Object(Symfony\\Component\\Console\\Input\\ArgvInput), Object(Illuminate\\Console\\OutputStyle))\n#34 E:\\Coding\\perpus\\library\\vendor\\laravel\\framework\\src\\Illuminate\\Console\\Command.php(182): Symfony\\Component\\Console\\Command\\Command->run(Object(Symfony\\Component\\Console\\Input\\ArgvInput), Object(Illuminate\\Console\\OutputStyle))\n#35 E:\\Coding\\perpus\\library\\vendor\\symfony\\console\\Application.php(1094): Illuminate\\Console\\Command->run(Object(Symfony\\Component\\Console\\Input\\ArgvInput), Object(Symfony\\Component\\Console\\Output\\ConsoleOutput))\n#36 E:\\Coding\\perpus\\library\\vendor\\symfony\\console\\Application.php(342): Symfony\\Component\\Console\\Application->doRunCommand(Object(Illuminate\\Queue\\Console\\WorkCommand), Object(Symfony\\Component\\Console\\Input\\ArgvInput), Object(Symfony\\Component\\Console\\Output\\ConsoleOutput))\n#37 E:\\Coding\\perpus\\library\\vendor\\symfony\\console\\Application.php(193): Symfony\\Component\\Console\\Application->doRun(Object(Symfony\\Component\\Console\\Input\\ArgvInput), Object(Symfony\\Component\\Console\\Output\\ConsoleOutput))\n#38 E:\\Coding\\perpus\\library\\vendor\\laravel\\framework\\src\\Illuminate\\Foundation\\Console\\Kernel.php(198): Symfony\\Component\\Console\\Application->run(Object(Symfony\\Component\\Console\\Input\\ArgvInput), Object(Symfony\\Component\\Console\\Output\\ConsoleOutput))\n#39 E:\\Coding\\perpus\\library\\vendor\\laravel\\framework\\src\\Illuminate\\Foundation\\Application.php(1235): Illuminate\\Foundation\\Console\\Kernel->handle(Object(Symfony\\Component\\Console\\Input\\ArgvInput), Object(Symfony\\Component\\Console\\Output\\ConsoleOutput))\n#40 E:\\Coding\\perpus\\library\\artisan(16): Illuminate\\Foundation\\Application->handleCommand(Object(Symfony\\Component\\Console\\Input\\ArgvInput))\n#41 {main}', '2025-04-24 23:38:07'),
(4, 'dd1f55e2-f2d4-4e3a-8360-5fb3e8d046b7', 'database', 'default', '{\"uuid\":\"dd1f55e2-f2d4-4e3a-8360-5fb3e8d046b7\",\"displayName\":\"App\\\\Events\\\\BookBorrowed\",\"job\":\"Illuminate\\\\Queue\\\\CallQueuedHandler@call\",\"maxTries\":null,\"maxExceptions\":null,\"failOnTimeout\":false,\"backoff\":null,\"timeout\":null,\"retryUntil\":null,\"data\":{\"commandName\":\"Illuminate\\\\Broadcasting\\\\BroadcastEvent\",\"command\":\"O:38:\\\"Illuminate\\\\Broadcasting\\\\BroadcastEvent\\\":14:{s:5:\\\"event\\\";O:23:\\\"App\\\\Events\\\\BookBorrowed\\\":2:{s:4:\\\"user\\\";O:45:\\\"Illuminate\\\\Contracts\\\\Database\\\\ModelIdentifier\\\":5:{s:5:\\\"class\\\";s:15:\\\"App\\\\Models\\\\User\\\";s:2:\\\"id\\\";i:3;s:9:\\\"relations\\\";a:0:{}s:10:\\\"connection\\\";s:5:\\\"mysql\\\";s:15:\\\"collectionClass\\\";N;}s:4:\\\"book\\\";O:45:\\\"Illuminate\\\\Contracts\\\\Database\\\\ModelIdentifier\\\":5:{s:5:\\\"class\\\";s:15:\\\"App\\\\Models\\\\Book\\\";s:2:\\\"id\\\";i:55;s:9:\\\"relations\\\";a:0:{}s:10:\\\"connection\\\";s:5:\\\"mysql\\\";s:15:\\\"collectionClass\\\";N;}}s:5:\\\"tries\\\";N;s:7:\\\"timeout\\\";N;s:7:\\\"backoff\\\";N;s:13:\\\"maxExceptions\\\";N;s:10:\\\"connection\\\";N;s:5:\\\"queue\\\";N;s:5:\\\"delay\\\";N;s:11:\\\"afterCommit\\\";N;s:10:\\\"middleware\\\";a:0:{}s:7:\\\"chained\\\";a:0:{}s:15:\\\"chainConnection\\\";N;s:10:\\\"chainQueue\\\";N;s:19:\\\"chainCatchCallbacks\\\";N;}\"}}', 'TypeError: Pusher\\Pusher::__construct(): Argument #1 ($auth_key) must be of type string, null given, called in E:\\Coding\\perpus\\library\\vendor\\laravel\\framework\\src\\Illuminate\\Broadcasting\\BroadcastManager.php on line 341 and defined in E:\\Coding\\perpus\\library\\vendor\\pusher\\pusher-php-server\\src\\Pusher.php:63\nStack trace:\n#0 E:\\Coding\\perpus\\library\\vendor\\laravel\\framework\\src\\Illuminate\\Broadcasting\\BroadcastManager.php(341): Pusher\\Pusher->__construct(NULL, NULL, NULL, Array, Object(GuzzleHttp\\Client))\n#1 E:\\Coding\\perpus\\library\\vendor\\laravel\\framework\\src\\Illuminate\\Broadcasting\\BroadcastManager.php(319): Illuminate\\Broadcasting\\BroadcastManager->pusher(Array)\n#2 E:\\Coding\\perpus\\library\\vendor\\laravel\\framework\\src\\Illuminate\\Broadcasting\\BroadcastManager.php(286): Illuminate\\Broadcasting\\BroadcastManager->createPusherDriver(Array)\n#3 E:\\Coding\\perpus\\library\\vendor\\laravel\\framework\\src\\Illuminate\\Broadcasting\\BroadcastManager.php(257): Illuminate\\Broadcasting\\BroadcastManager->resolve(\'pusher\')\n#4 E:\\Coding\\perpus\\library\\vendor\\laravel\\framework\\src\\Illuminate\\Broadcasting\\BroadcastManager.php(246): Illuminate\\Broadcasting\\BroadcastManager->get(\'pusher\')\n#5 E:\\Coding\\perpus\\library\\vendor\\laravel\\framework\\src\\Illuminate\\Broadcasting\\BroadcastManager.php(233): Illuminate\\Broadcasting\\BroadcastManager->driver(\'pusher\')\n#6 E:\\Coding\\perpus\\library\\vendor\\laravel\\framework\\src\\Illuminate\\Broadcasting\\BroadcastEvent.php(93): Illuminate\\Broadcasting\\BroadcastManager->connection(NULL)\n#7 E:\\Coding\\perpus\\library\\vendor\\laravel\\framework\\src\\Illuminate\\Container\\BoundMethod.php(36): Illuminate\\Broadcasting\\BroadcastEvent->handle(Object(Illuminate\\Broadcasting\\BroadcastManager))\n#8 E:\\Coding\\perpus\\library\\vendor\\laravel\\framework\\src\\Illuminate\\Container\\Util.php(43): Illuminate\\Container\\BoundMethod::{closure:Illuminate\\Container\\BoundMethod::call():35}()\n#9 E:\\Coding\\perpus\\library\\vendor\\laravel\\framework\\src\\Illuminate\\Container\\BoundMethod.php(95): Illuminate\\Container\\Util::unwrapIfClosure(Object(Closure))\n#10 E:\\Coding\\perpus\\library\\vendor\\laravel\\framework\\src\\Illuminate\\Container\\BoundMethod.php(35): Illuminate\\Container\\BoundMethod::callBoundMethod(Object(Illuminate\\Foundation\\Application), Array, Object(Closure))\n#11 E:\\Coding\\perpus\\library\\vendor\\laravel\\framework\\src\\Illuminate\\Container\\Container.php(754): Illuminate\\Container\\BoundMethod::call(Object(Illuminate\\Foundation\\Application), Array, Array, NULL)\n#12 E:\\Coding\\perpus\\library\\vendor\\laravel\\framework\\src\\Illuminate\\Bus\\Dispatcher.php(126): Illuminate\\Container\\Container->call(Array)\n#13 E:\\Coding\\perpus\\library\\vendor\\laravel\\framework\\src\\Illuminate\\Pipeline\\Pipeline.php(170): Illuminate\\Bus\\Dispatcher->{closure:Illuminate\\Bus\\Dispatcher::dispatchNow():123}(Object(Illuminate\\Broadcasting\\BroadcastEvent))\n#14 E:\\Coding\\perpus\\library\\vendor\\laravel\\framework\\src\\Illuminate\\Pipeline\\Pipeline.php(127): Illuminate\\Pipeline\\Pipeline->{closure:Illuminate\\Pipeline\\Pipeline::prepareDestination():168}(Object(Illuminate\\Broadcasting\\BroadcastEvent))\n#15 E:\\Coding\\perpus\\library\\vendor\\laravel\\framework\\src\\Illuminate\\Bus\\Dispatcher.php(130): Illuminate\\Pipeline\\Pipeline->then(Object(Closure))\n#16 E:\\Coding\\perpus\\library\\vendor\\laravel\\framework\\src\\Illuminate\\Queue\\CallQueuedHandler.php(126): Illuminate\\Bus\\Dispatcher->dispatchNow(Object(Illuminate\\Broadcasting\\BroadcastEvent), false)\n#17 E:\\Coding\\perpus\\library\\vendor\\laravel\\framework\\src\\Illuminate\\Pipeline\\Pipeline.php(170): Illuminate\\Queue\\CallQueuedHandler->{closure:Illuminate\\Queue\\CallQueuedHandler::dispatchThroughMiddleware():121}(Object(Illuminate\\Broadcasting\\BroadcastEvent))\n#18 E:\\Coding\\perpus\\library\\vendor\\laravel\\framework\\src\\Illuminate\\Pipeline\\Pipeline.php(127): Illuminate\\Pipeline\\Pipeline->{closure:Illuminate\\Pipeline\\Pipeline::prepareDestination():168}(Object(Illuminate\\Broadcasting\\BroadcastEvent))\n#19 E:\\Coding\\perpus\\library\\vendor\\laravel\\framework\\src\\Illuminate\\Queue\\CallQueuedHandler.php(121): Illuminate\\Pipeline\\Pipeline->then(Object(Closure))\n#20 E:\\Coding\\perpus\\library\\vendor\\laravel\\framework\\src\\Illuminate\\Queue\\CallQueuedHandler.php(69): Illuminate\\Queue\\CallQueuedHandler->dispatchThroughMiddleware(Object(Illuminate\\Queue\\Jobs\\DatabaseJob), Object(Illuminate\\Broadcasting\\BroadcastEvent))\n#21 E:\\Coding\\perpus\\library\\vendor\\laravel\\framework\\src\\Illuminate\\Queue\\Jobs\\Job.php(102): Illuminate\\Queue\\CallQueuedHandler->call(Object(Illuminate\\Queue\\Jobs\\DatabaseJob), Array)\n#22 E:\\Coding\\perpus\\library\\vendor\\laravel\\framework\\src\\Illuminate\\Queue\\Worker.php(442): Illuminate\\Queue\\Jobs\\Job->fire()\n#23 E:\\Coding\\perpus\\library\\vendor\\laravel\\framework\\src\\Illuminate\\Queue\\Worker.php(392): Illuminate\\Queue\\Worker->process(\'database\', Object(Illuminate\\Queue\\Jobs\\DatabaseJob), Object(Illuminate\\Queue\\WorkerOptions))\n#24 E:\\Coding\\perpus\\library\\vendor\\laravel\\framework\\src\\Illuminate\\Queue\\Worker.php(178): Illuminate\\Queue\\Worker->runJob(Object(Illuminate\\Queue\\Jobs\\DatabaseJob), \'database\', Object(Illuminate\\Queue\\WorkerOptions))\n#25 E:\\Coding\\perpus\\library\\vendor\\laravel\\framework\\src\\Illuminate\\Queue\\Console\\WorkCommand.php(149): Illuminate\\Queue\\Worker->daemon(\'database\', \'default\', Object(Illuminate\\Queue\\WorkerOptions))\n#26 E:\\Coding\\perpus\\library\\vendor\\laravel\\framework\\src\\Illuminate\\Queue\\Console\\WorkCommand.php(132): Illuminate\\Queue\\Console\\WorkCommand->runWorker(\'database\', \'default\')\n#27 E:\\Coding\\perpus\\library\\vendor\\laravel\\framework\\src\\Illuminate\\Container\\BoundMethod.php(36): Illuminate\\Queue\\Console\\WorkCommand->handle()\n#28 E:\\Coding\\perpus\\library\\vendor\\laravel\\framework\\src\\Illuminate\\Container\\Util.php(43): Illuminate\\Container\\BoundMethod::{closure:Illuminate\\Container\\BoundMethod::call():35}()\n#29 E:\\Coding\\perpus\\library\\vendor\\laravel\\framework\\src\\Illuminate\\Container\\BoundMethod.php(95): Illuminate\\Container\\Util::unwrapIfClosure(Object(Closure))\n#30 E:\\Coding\\perpus\\library\\vendor\\laravel\\framework\\src\\Illuminate\\Container\\BoundMethod.php(35): Illuminate\\Container\\BoundMethod::callBoundMethod(Object(Illuminate\\Foundation\\Application), Array, Object(Closure))\n#31 E:\\Coding\\perpus\\library\\vendor\\laravel\\framework\\src\\Illuminate\\Container\\Container.php(754): Illuminate\\Container\\BoundMethod::call(Object(Illuminate\\Foundation\\Application), Array, Array, NULL)\n#32 E:\\Coding\\perpus\\library\\vendor\\laravel\\framework\\src\\Illuminate\\Console\\Command.php(213): Illuminate\\Container\\Container->call(Array)\n#33 E:\\Coding\\perpus\\library\\vendor\\symfony\\console\\Command\\Command.php(279): Illuminate\\Console\\Command->execute(Object(Symfony\\Component\\Console\\Input\\ArgvInput), Object(Illuminate\\Console\\OutputStyle))\n#34 E:\\Coding\\perpus\\library\\vendor\\laravel\\framework\\src\\Illuminate\\Console\\Command.php(182): Symfony\\Component\\Console\\Command\\Command->run(Object(Symfony\\Component\\Console\\Input\\ArgvInput), Object(Illuminate\\Console\\OutputStyle))\n#35 E:\\Coding\\perpus\\library\\vendor\\symfony\\console\\Application.php(1094): Illuminate\\Console\\Command->run(Object(Symfony\\Component\\Console\\Input\\ArgvInput), Object(Symfony\\Component\\Console\\Output\\ConsoleOutput))\n#36 E:\\Coding\\perpus\\library\\vendor\\symfony\\console\\Application.php(342): Symfony\\Component\\Console\\Application->doRunCommand(Object(Illuminate\\Queue\\Console\\WorkCommand), Object(Symfony\\Component\\Console\\Input\\ArgvInput), Object(Symfony\\Component\\Console\\Output\\ConsoleOutput))\n#37 E:\\Coding\\perpus\\library\\vendor\\symfony\\console\\Application.php(193): Symfony\\Component\\Console\\Application->doRun(Object(Symfony\\Component\\Console\\Input\\ArgvInput), Object(Symfony\\Component\\Console\\Output\\ConsoleOutput))\n#38 E:\\Coding\\perpus\\library\\vendor\\laravel\\framework\\src\\Illuminate\\Foundation\\Console\\Kernel.php(198): Symfony\\Component\\Console\\Application->run(Object(Symfony\\Component\\Console\\Input\\ArgvInput), Object(Symfony\\Component\\Console\\Output\\ConsoleOutput))\n#39 E:\\Coding\\perpus\\library\\vendor\\laravel\\framework\\src\\Illuminate\\Foundation\\Application.php(1235): Illuminate\\Foundation\\Console\\Kernel->handle(Object(Symfony\\Component\\Console\\Input\\ArgvInput), Object(Symfony\\Component\\Console\\Output\\ConsoleOutput))\n#40 E:\\Coding\\perpus\\library\\artisan(16): Illuminate\\Foundation\\Application->handleCommand(Object(Symfony\\Component\\Console\\Input\\ArgvInput))\n#41 {main}', '2025-04-24 23:38:19');
INSERT INTO `failed_jobs` (`id`, `uuid`, `connection`, `queue`, `payload`, `exception`, `failed_at`) VALUES
(5, '861e14a4-91fc-4afe-96f9-0b9400fec3d9', 'database', 'default', '{\"uuid\":\"861e14a4-91fc-4afe-96f9-0b9400fec3d9\",\"displayName\":\"App\\\\Events\\\\BookBorrowed\",\"job\":\"Illuminate\\\\Queue\\\\CallQueuedHandler@call\",\"maxTries\":null,\"maxExceptions\":null,\"failOnTimeout\":false,\"backoff\":null,\"timeout\":null,\"retryUntil\":null,\"data\":{\"commandName\":\"Illuminate\\\\Broadcasting\\\\BroadcastEvent\",\"command\":\"O:38:\\\"Illuminate\\\\Broadcasting\\\\BroadcastEvent\\\":14:{s:5:\\\"event\\\";O:23:\\\"App\\\\Events\\\\BookBorrowed\\\":2:{s:4:\\\"user\\\";O:45:\\\"Illuminate\\\\Contracts\\\\Database\\\\ModelIdentifier\\\":5:{s:5:\\\"class\\\";s:15:\\\"App\\\\Models\\\\User\\\";s:2:\\\"id\\\";i:3;s:9:\\\"relations\\\";a:0:{}s:10:\\\"connection\\\";s:5:\\\"mysql\\\";s:15:\\\"collectionClass\\\";N;}s:4:\\\"book\\\";O:45:\\\"Illuminate\\\\Contracts\\\\Database\\\\ModelIdentifier\\\":5:{s:5:\\\"class\\\";s:15:\\\"App\\\\Models\\\\Book\\\";s:2:\\\"id\\\";i:55;s:9:\\\"relations\\\";a:0:{}s:10:\\\"connection\\\";s:5:\\\"mysql\\\";s:15:\\\"collectionClass\\\";N;}}s:5:\\\"tries\\\";N;s:7:\\\"timeout\\\";N;s:7:\\\"backoff\\\";N;s:13:\\\"maxExceptions\\\";N;s:10:\\\"connection\\\";N;s:5:\\\"queue\\\";N;s:5:\\\"delay\\\";N;s:11:\\\"afterCommit\\\";N;s:10:\\\"middleware\\\";a:0:{}s:7:\\\"chained\\\";a:0:{}s:15:\\\"chainConnection\\\";N;s:10:\\\"chainQueue\\\";N;s:19:\\\"chainCatchCallbacks\\\";N;}\"}}', 'TypeError: Pusher\\Pusher::__construct(): Argument #1 ($auth_key) must be of type string, null given, called in E:\\Coding\\perpus\\library\\vendor\\laravel\\framework\\src\\Illuminate\\Broadcasting\\BroadcastManager.php on line 341 and defined in E:\\Coding\\perpus\\library\\vendor\\pusher\\pusher-php-server\\src\\Pusher.php:63\nStack trace:\n#0 E:\\Coding\\perpus\\library\\vendor\\laravel\\framework\\src\\Illuminate\\Broadcasting\\BroadcastManager.php(341): Pusher\\Pusher->__construct(NULL, NULL, NULL, Array, Object(GuzzleHttp\\Client))\n#1 E:\\Coding\\perpus\\library\\vendor\\laravel\\framework\\src\\Illuminate\\Broadcasting\\BroadcastManager.php(319): Illuminate\\Broadcasting\\BroadcastManager->pusher(Array)\n#2 E:\\Coding\\perpus\\library\\vendor\\laravel\\framework\\src\\Illuminate\\Broadcasting\\BroadcastManager.php(286): Illuminate\\Broadcasting\\BroadcastManager->createPusherDriver(Array)\n#3 E:\\Coding\\perpus\\library\\vendor\\laravel\\framework\\src\\Illuminate\\Broadcasting\\BroadcastManager.php(257): Illuminate\\Broadcasting\\BroadcastManager->resolve(\'pusher\')\n#4 E:\\Coding\\perpus\\library\\vendor\\laravel\\framework\\src\\Illuminate\\Broadcasting\\BroadcastManager.php(246): Illuminate\\Broadcasting\\BroadcastManager->get(\'pusher\')\n#5 E:\\Coding\\perpus\\library\\vendor\\laravel\\framework\\src\\Illuminate\\Broadcasting\\BroadcastManager.php(233): Illuminate\\Broadcasting\\BroadcastManager->driver(\'pusher\')\n#6 E:\\Coding\\perpus\\library\\vendor\\laravel\\framework\\src\\Illuminate\\Broadcasting\\BroadcastEvent.php(93): Illuminate\\Broadcasting\\BroadcastManager->connection(NULL)\n#7 E:\\Coding\\perpus\\library\\vendor\\laravel\\framework\\src\\Illuminate\\Container\\BoundMethod.php(36): Illuminate\\Broadcasting\\BroadcastEvent->handle(Object(Illuminate\\Broadcasting\\BroadcastManager))\n#8 E:\\Coding\\perpus\\library\\vendor\\laravel\\framework\\src\\Illuminate\\Container\\Util.php(43): Illuminate\\Container\\BoundMethod::{closure:Illuminate\\Container\\BoundMethod::call():35}()\n#9 E:\\Coding\\perpus\\library\\vendor\\laravel\\framework\\src\\Illuminate\\Container\\BoundMethod.php(95): Illuminate\\Container\\Util::unwrapIfClosure(Object(Closure))\n#10 E:\\Coding\\perpus\\library\\vendor\\laravel\\framework\\src\\Illuminate\\Container\\BoundMethod.php(35): Illuminate\\Container\\BoundMethod::callBoundMethod(Object(Illuminate\\Foundation\\Application), Array, Object(Closure))\n#11 E:\\Coding\\perpus\\library\\vendor\\laravel\\framework\\src\\Illuminate\\Container\\Container.php(754): Illuminate\\Container\\BoundMethod::call(Object(Illuminate\\Foundation\\Application), Array, Array, NULL)\n#12 E:\\Coding\\perpus\\library\\vendor\\laravel\\framework\\src\\Illuminate\\Bus\\Dispatcher.php(126): Illuminate\\Container\\Container->call(Array)\n#13 E:\\Coding\\perpus\\library\\vendor\\laravel\\framework\\src\\Illuminate\\Pipeline\\Pipeline.php(170): Illuminate\\Bus\\Dispatcher->{closure:Illuminate\\Bus\\Dispatcher::dispatchNow():123}(Object(Illuminate\\Broadcasting\\BroadcastEvent))\n#14 E:\\Coding\\perpus\\library\\vendor\\laravel\\framework\\src\\Illuminate\\Pipeline\\Pipeline.php(127): Illuminate\\Pipeline\\Pipeline->{closure:Illuminate\\Pipeline\\Pipeline::prepareDestination():168}(Object(Illuminate\\Broadcasting\\BroadcastEvent))\n#15 E:\\Coding\\perpus\\library\\vendor\\laravel\\framework\\src\\Illuminate\\Bus\\Dispatcher.php(130): Illuminate\\Pipeline\\Pipeline->then(Object(Closure))\n#16 E:\\Coding\\perpus\\library\\vendor\\laravel\\framework\\src\\Illuminate\\Queue\\CallQueuedHandler.php(126): Illuminate\\Bus\\Dispatcher->dispatchNow(Object(Illuminate\\Broadcasting\\BroadcastEvent), false)\n#17 E:\\Coding\\perpus\\library\\vendor\\laravel\\framework\\src\\Illuminate\\Pipeline\\Pipeline.php(170): Illuminate\\Queue\\CallQueuedHandler->{closure:Illuminate\\Queue\\CallQueuedHandler::dispatchThroughMiddleware():121}(Object(Illuminate\\Broadcasting\\BroadcastEvent))\n#18 E:\\Coding\\perpus\\library\\vendor\\laravel\\framework\\src\\Illuminate\\Pipeline\\Pipeline.php(127): Illuminate\\Pipeline\\Pipeline->{closure:Illuminate\\Pipeline\\Pipeline::prepareDestination():168}(Object(Illuminate\\Broadcasting\\BroadcastEvent))\n#19 E:\\Coding\\perpus\\library\\vendor\\laravel\\framework\\src\\Illuminate\\Queue\\CallQueuedHandler.php(121): Illuminate\\Pipeline\\Pipeline->then(Object(Closure))\n#20 E:\\Coding\\perpus\\library\\vendor\\laravel\\framework\\src\\Illuminate\\Queue\\CallQueuedHandler.php(69): Illuminate\\Queue\\CallQueuedHandler->dispatchThroughMiddleware(Object(Illuminate\\Queue\\Jobs\\DatabaseJob), Object(Illuminate\\Broadcasting\\BroadcastEvent))\n#21 E:\\Coding\\perpus\\library\\vendor\\laravel\\framework\\src\\Illuminate\\Queue\\Jobs\\Job.php(102): Illuminate\\Queue\\CallQueuedHandler->call(Object(Illuminate\\Queue\\Jobs\\DatabaseJob), Array)\n#22 E:\\Coding\\perpus\\library\\vendor\\laravel\\framework\\src\\Illuminate\\Queue\\Worker.php(442): Illuminate\\Queue\\Jobs\\Job->fire()\n#23 E:\\Coding\\perpus\\library\\vendor\\laravel\\framework\\src\\Illuminate\\Queue\\Worker.php(392): Illuminate\\Queue\\Worker->process(\'database\', Object(Illuminate\\Queue\\Jobs\\DatabaseJob), Object(Illuminate\\Queue\\WorkerOptions))\n#24 E:\\Coding\\perpus\\library\\vendor\\laravel\\framework\\src\\Illuminate\\Queue\\Worker.php(178): Illuminate\\Queue\\Worker->runJob(Object(Illuminate\\Queue\\Jobs\\DatabaseJob), \'database\', Object(Illuminate\\Queue\\WorkerOptions))\n#25 E:\\Coding\\perpus\\library\\vendor\\laravel\\framework\\src\\Illuminate\\Queue\\Console\\WorkCommand.php(149): Illuminate\\Queue\\Worker->daemon(\'database\', \'default\', Object(Illuminate\\Queue\\WorkerOptions))\n#26 E:\\Coding\\perpus\\library\\vendor\\laravel\\framework\\src\\Illuminate\\Queue\\Console\\WorkCommand.php(132): Illuminate\\Queue\\Console\\WorkCommand->runWorker(\'database\', \'default\')\n#27 E:\\Coding\\perpus\\library\\vendor\\laravel\\framework\\src\\Illuminate\\Container\\BoundMethod.php(36): Illuminate\\Queue\\Console\\WorkCommand->handle()\n#28 E:\\Coding\\perpus\\library\\vendor\\laravel\\framework\\src\\Illuminate\\Container\\Util.php(43): Illuminate\\Container\\BoundMethod::{closure:Illuminate\\Container\\BoundMethod::call():35}()\n#29 E:\\Coding\\perpus\\library\\vendor\\laravel\\framework\\src\\Illuminate\\Container\\BoundMethod.php(95): Illuminate\\Container\\Util::unwrapIfClosure(Object(Closure))\n#30 E:\\Coding\\perpus\\library\\vendor\\laravel\\framework\\src\\Illuminate\\Container\\BoundMethod.php(35): Illuminate\\Container\\BoundMethod::callBoundMethod(Object(Illuminate\\Foundation\\Application), Array, Object(Closure))\n#31 E:\\Coding\\perpus\\library\\vendor\\laravel\\framework\\src\\Illuminate\\Container\\Container.php(754): Illuminate\\Container\\BoundMethod::call(Object(Illuminate\\Foundation\\Application), Array, Array, NULL)\n#32 E:\\Coding\\perpus\\library\\vendor\\laravel\\framework\\src\\Illuminate\\Console\\Command.php(213): Illuminate\\Container\\Container->call(Array)\n#33 E:\\Coding\\perpus\\library\\vendor\\symfony\\console\\Command\\Command.php(279): Illuminate\\Console\\Command->execute(Object(Symfony\\Component\\Console\\Input\\ArgvInput), Object(Illuminate\\Console\\OutputStyle))\n#34 E:\\Coding\\perpus\\library\\vendor\\laravel\\framework\\src\\Illuminate\\Console\\Command.php(182): Symfony\\Component\\Console\\Command\\Command->run(Object(Symfony\\Component\\Console\\Input\\ArgvInput), Object(Illuminate\\Console\\OutputStyle))\n#35 E:\\Coding\\perpus\\library\\vendor\\symfony\\console\\Application.php(1094): Illuminate\\Console\\Command->run(Object(Symfony\\Component\\Console\\Input\\ArgvInput), Object(Symfony\\Component\\Console\\Output\\ConsoleOutput))\n#36 E:\\Coding\\perpus\\library\\vendor\\symfony\\console\\Application.php(342): Symfony\\Component\\Console\\Application->doRunCommand(Object(Illuminate\\Queue\\Console\\WorkCommand), Object(Symfony\\Component\\Console\\Input\\ArgvInput), Object(Symfony\\Component\\Console\\Output\\ConsoleOutput))\n#37 E:\\Coding\\perpus\\library\\vendor\\symfony\\console\\Application.php(193): Symfony\\Component\\Console\\Application->doRun(Object(Symfony\\Component\\Console\\Input\\ArgvInput), Object(Symfony\\Component\\Console\\Output\\ConsoleOutput))\n#38 E:\\Coding\\perpus\\library\\vendor\\laravel\\framework\\src\\Illuminate\\Foundation\\Console\\Kernel.php(198): Symfony\\Component\\Console\\Application->run(Object(Symfony\\Component\\Console\\Input\\ArgvInput), Object(Symfony\\Component\\Console\\Output\\ConsoleOutput))\n#39 E:\\Coding\\perpus\\library\\vendor\\laravel\\framework\\src\\Illuminate\\Foundation\\Application.php(1235): Illuminate\\Foundation\\Console\\Kernel->handle(Object(Symfony\\Component\\Console\\Input\\ArgvInput), Object(Symfony\\Component\\Console\\Output\\ConsoleOutput))\n#40 E:\\Coding\\perpus\\library\\artisan(16): Illuminate\\Foundation\\Application->handleCommand(Object(Symfony\\Component\\Console\\Input\\ArgvInput))\n#41 {main}', '2025-04-24 23:39:13'),
(6, '320f3785-58ec-4f71-8705-59951d90e30f', 'database', 'default', '{\"uuid\":\"320f3785-58ec-4f71-8705-59951d90e30f\",\"displayName\":\"App\\\\Events\\\\BookBorrowed\",\"job\":\"Illuminate\\\\Queue\\\\CallQueuedHandler@call\",\"maxTries\":null,\"maxExceptions\":null,\"failOnTimeout\":false,\"backoff\":null,\"timeout\":null,\"retryUntil\":null,\"data\":{\"commandName\":\"Illuminate\\\\Broadcasting\\\\BroadcastEvent\",\"command\":\"O:38:\\\"Illuminate\\\\Broadcasting\\\\BroadcastEvent\\\":14:{s:5:\\\"event\\\";O:23:\\\"App\\\\Events\\\\BookBorrowed\\\":2:{s:4:\\\"user\\\";O:45:\\\"Illuminate\\\\Contracts\\\\Database\\\\ModelIdentifier\\\":5:{s:5:\\\"class\\\";s:15:\\\"App\\\\Models\\\\User\\\";s:2:\\\"id\\\";i:3;s:9:\\\"relations\\\";a:0:{}s:10:\\\"connection\\\";s:5:\\\"mysql\\\";s:15:\\\"collectionClass\\\";N;}s:4:\\\"book\\\";O:45:\\\"Illuminate\\\\Contracts\\\\Database\\\\ModelIdentifier\\\":5:{s:5:\\\"class\\\";s:15:\\\"App\\\\Models\\\\Book\\\";s:2:\\\"id\\\";i:54;s:9:\\\"relations\\\";a:0:{}s:10:\\\"connection\\\";s:5:\\\"mysql\\\";s:15:\\\"collectionClass\\\";N;}}s:5:\\\"tries\\\";N;s:7:\\\"timeout\\\";N;s:7:\\\"backoff\\\";N;s:13:\\\"maxExceptions\\\";N;s:10:\\\"connection\\\";N;s:5:\\\"queue\\\";N;s:5:\\\"delay\\\";N;s:11:\\\"afterCommit\\\";N;s:10:\\\"middleware\\\";a:0:{}s:7:\\\"chained\\\";a:0:{}s:15:\\\"chainConnection\\\";N;s:10:\\\"chainQueue\\\";N;s:19:\\\"chainCatchCallbacks\\\";N;}\"}}', 'TypeError: Pusher\\Pusher::__construct(): Argument #1 ($auth_key) must be of type string, null given, called in E:\\Coding\\perpus\\library\\vendor\\laravel\\framework\\src\\Illuminate\\Broadcasting\\BroadcastManager.php on line 341 and defined in E:\\Coding\\perpus\\library\\vendor\\pusher\\pusher-php-server\\src\\Pusher.php:63\nStack trace:\n#0 E:\\Coding\\perpus\\library\\vendor\\laravel\\framework\\src\\Illuminate\\Broadcasting\\BroadcastManager.php(341): Pusher\\Pusher->__construct(NULL, NULL, NULL, Array, Object(GuzzleHttp\\Client))\n#1 E:\\Coding\\perpus\\library\\vendor\\laravel\\framework\\src\\Illuminate\\Broadcasting\\BroadcastManager.php(319): Illuminate\\Broadcasting\\BroadcastManager->pusher(Array)\n#2 E:\\Coding\\perpus\\library\\vendor\\laravel\\framework\\src\\Illuminate\\Broadcasting\\BroadcastManager.php(286): Illuminate\\Broadcasting\\BroadcastManager->createPusherDriver(Array)\n#3 E:\\Coding\\perpus\\library\\vendor\\laravel\\framework\\src\\Illuminate\\Broadcasting\\BroadcastManager.php(257): Illuminate\\Broadcasting\\BroadcastManager->resolve(\'pusher\')\n#4 E:\\Coding\\perpus\\library\\vendor\\laravel\\framework\\src\\Illuminate\\Broadcasting\\BroadcastManager.php(246): Illuminate\\Broadcasting\\BroadcastManager->get(\'pusher\')\n#5 E:\\Coding\\perpus\\library\\vendor\\laravel\\framework\\src\\Illuminate\\Broadcasting\\BroadcastManager.php(233): Illuminate\\Broadcasting\\BroadcastManager->driver(\'pusher\')\n#6 E:\\Coding\\perpus\\library\\vendor\\laravel\\framework\\src\\Illuminate\\Broadcasting\\BroadcastEvent.php(93): Illuminate\\Broadcasting\\BroadcastManager->connection(NULL)\n#7 E:\\Coding\\perpus\\library\\vendor\\laravel\\framework\\src\\Illuminate\\Container\\BoundMethod.php(36): Illuminate\\Broadcasting\\BroadcastEvent->handle(Object(Illuminate\\Broadcasting\\BroadcastManager))\n#8 E:\\Coding\\perpus\\library\\vendor\\laravel\\framework\\src\\Illuminate\\Container\\Util.php(43): Illuminate\\Container\\BoundMethod::{closure:Illuminate\\Container\\BoundMethod::call():35}()\n#9 E:\\Coding\\perpus\\library\\vendor\\laravel\\framework\\src\\Illuminate\\Container\\BoundMethod.php(95): Illuminate\\Container\\Util::unwrapIfClosure(Object(Closure))\n#10 E:\\Coding\\perpus\\library\\vendor\\laravel\\framework\\src\\Illuminate\\Container\\BoundMethod.php(35): Illuminate\\Container\\BoundMethod::callBoundMethod(Object(Illuminate\\Foundation\\Application), Array, Object(Closure))\n#11 E:\\Coding\\perpus\\library\\vendor\\laravel\\framework\\src\\Illuminate\\Container\\Container.php(754): Illuminate\\Container\\BoundMethod::call(Object(Illuminate\\Foundation\\Application), Array, Array, NULL)\n#12 E:\\Coding\\perpus\\library\\vendor\\laravel\\framework\\src\\Illuminate\\Bus\\Dispatcher.php(126): Illuminate\\Container\\Container->call(Array)\n#13 E:\\Coding\\perpus\\library\\vendor\\laravel\\framework\\src\\Illuminate\\Pipeline\\Pipeline.php(170): Illuminate\\Bus\\Dispatcher->{closure:Illuminate\\Bus\\Dispatcher::dispatchNow():123}(Object(Illuminate\\Broadcasting\\BroadcastEvent))\n#14 E:\\Coding\\perpus\\library\\vendor\\laravel\\framework\\src\\Illuminate\\Pipeline\\Pipeline.php(127): Illuminate\\Pipeline\\Pipeline->{closure:Illuminate\\Pipeline\\Pipeline::prepareDestination():168}(Object(Illuminate\\Broadcasting\\BroadcastEvent))\n#15 E:\\Coding\\perpus\\library\\vendor\\laravel\\framework\\src\\Illuminate\\Bus\\Dispatcher.php(130): Illuminate\\Pipeline\\Pipeline->then(Object(Closure))\n#16 E:\\Coding\\perpus\\library\\vendor\\laravel\\framework\\src\\Illuminate\\Queue\\CallQueuedHandler.php(126): Illuminate\\Bus\\Dispatcher->dispatchNow(Object(Illuminate\\Broadcasting\\BroadcastEvent), false)\n#17 E:\\Coding\\perpus\\library\\vendor\\laravel\\framework\\src\\Illuminate\\Pipeline\\Pipeline.php(170): Illuminate\\Queue\\CallQueuedHandler->{closure:Illuminate\\Queue\\CallQueuedHandler::dispatchThroughMiddleware():121}(Object(Illuminate\\Broadcasting\\BroadcastEvent))\n#18 E:\\Coding\\perpus\\library\\vendor\\laravel\\framework\\src\\Illuminate\\Pipeline\\Pipeline.php(127): Illuminate\\Pipeline\\Pipeline->{closure:Illuminate\\Pipeline\\Pipeline::prepareDestination():168}(Object(Illuminate\\Broadcasting\\BroadcastEvent))\n#19 E:\\Coding\\perpus\\library\\vendor\\laravel\\framework\\src\\Illuminate\\Queue\\CallQueuedHandler.php(121): Illuminate\\Pipeline\\Pipeline->then(Object(Closure))\n#20 E:\\Coding\\perpus\\library\\vendor\\laravel\\framework\\src\\Illuminate\\Queue\\CallQueuedHandler.php(69): Illuminate\\Queue\\CallQueuedHandler->dispatchThroughMiddleware(Object(Illuminate\\Queue\\Jobs\\DatabaseJob), Object(Illuminate\\Broadcasting\\BroadcastEvent))\n#21 E:\\Coding\\perpus\\library\\vendor\\laravel\\framework\\src\\Illuminate\\Queue\\Jobs\\Job.php(102): Illuminate\\Queue\\CallQueuedHandler->call(Object(Illuminate\\Queue\\Jobs\\DatabaseJob), Array)\n#22 E:\\Coding\\perpus\\library\\vendor\\laravel\\framework\\src\\Illuminate\\Queue\\Worker.php(442): Illuminate\\Queue\\Jobs\\Job->fire()\n#23 E:\\Coding\\perpus\\library\\vendor\\laravel\\framework\\src\\Illuminate\\Queue\\Worker.php(392): Illuminate\\Queue\\Worker->process(\'database\', Object(Illuminate\\Queue\\Jobs\\DatabaseJob), Object(Illuminate\\Queue\\WorkerOptions))\n#24 E:\\Coding\\perpus\\library\\vendor\\laravel\\framework\\src\\Illuminate\\Queue\\Worker.php(178): Illuminate\\Queue\\Worker->runJob(Object(Illuminate\\Queue\\Jobs\\DatabaseJob), \'database\', Object(Illuminate\\Queue\\WorkerOptions))\n#25 E:\\Coding\\perpus\\library\\vendor\\laravel\\framework\\src\\Illuminate\\Queue\\Console\\WorkCommand.php(149): Illuminate\\Queue\\Worker->daemon(\'database\', \'default\', Object(Illuminate\\Queue\\WorkerOptions))\n#26 E:\\Coding\\perpus\\library\\vendor\\laravel\\framework\\src\\Illuminate\\Queue\\Console\\WorkCommand.php(132): Illuminate\\Queue\\Console\\WorkCommand->runWorker(\'database\', \'default\')\n#27 E:\\Coding\\perpus\\library\\vendor\\laravel\\framework\\src\\Illuminate\\Container\\BoundMethod.php(36): Illuminate\\Queue\\Console\\WorkCommand->handle()\n#28 E:\\Coding\\perpus\\library\\vendor\\laravel\\framework\\src\\Illuminate\\Container\\Util.php(43): Illuminate\\Container\\BoundMethod::{closure:Illuminate\\Container\\BoundMethod::call():35}()\n#29 E:\\Coding\\perpus\\library\\vendor\\laravel\\framework\\src\\Illuminate\\Container\\BoundMethod.php(95): Illuminate\\Container\\Util::unwrapIfClosure(Object(Closure))\n#30 E:\\Coding\\perpus\\library\\vendor\\laravel\\framework\\src\\Illuminate\\Container\\BoundMethod.php(35): Illuminate\\Container\\BoundMethod::callBoundMethod(Object(Illuminate\\Foundation\\Application), Array, Object(Closure))\n#31 E:\\Coding\\perpus\\library\\vendor\\laravel\\framework\\src\\Illuminate\\Container\\Container.php(754): Illuminate\\Container\\BoundMethod::call(Object(Illuminate\\Foundation\\Application), Array, Array, NULL)\n#32 E:\\Coding\\perpus\\library\\vendor\\laravel\\framework\\src\\Illuminate\\Console\\Command.php(213): Illuminate\\Container\\Container->call(Array)\n#33 E:\\Coding\\perpus\\library\\vendor\\symfony\\console\\Command\\Command.php(279): Illuminate\\Console\\Command->execute(Object(Symfony\\Component\\Console\\Input\\ArgvInput), Object(Illuminate\\Console\\OutputStyle))\n#34 E:\\Coding\\perpus\\library\\vendor\\laravel\\framework\\src\\Illuminate\\Console\\Command.php(182): Symfony\\Component\\Console\\Command\\Command->run(Object(Symfony\\Component\\Console\\Input\\ArgvInput), Object(Illuminate\\Console\\OutputStyle))\n#35 E:\\Coding\\perpus\\library\\vendor\\symfony\\console\\Application.php(1094): Illuminate\\Console\\Command->run(Object(Symfony\\Component\\Console\\Input\\ArgvInput), Object(Symfony\\Component\\Console\\Output\\ConsoleOutput))\n#36 E:\\Coding\\perpus\\library\\vendor\\symfony\\console\\Application.php(342): Symfony\\Component\\Console\\Application->doRunCommand(Object(Illuminate\\Queue\\Console\\WorkCommand), Object(Symfony\\Component\\Console\\Input\\ArgvInput), Object(Symfony\\Component\\Console\\Output\\ConsoleOutput))\n#37 E:\\Coding\\perpus\\library\\vendor\\symfony\\console\\Application.php(193): Symfony\\Component\\Console\\Application->doRun(Object(Symfony\\Component\\Console\\Input\\ArgvInput), Object(Symfony\\Component\\Console\\Output\\ConsoleOutput))\n#38 E:\\Coding\\perpus\\library\\vendor\\laravel\\framework\\src\\Illuminate\\Foundation\\Console\\Kernel.php(198): Symfony\\Component\\Console\\Application->run(Object(Symfony\\Component\\Console\\Input\\ArgvInput), Object(Symfony\\Component\\Console\\Output\\ConsoleOutput))\n#39 E:\\Coding\\perpus\\library\\vendor\\laravel\\framework\\src\\Illuminate\\Foundation\\Application.php(1235): Illuminate\\Foundation\\Console\\Kernel->handle(Object(Symfony\\Component\\Console\\Input\\ArgvInput), Object(Symfony\\Component\\Console\\Output\\ConsoleOutput))\n#40 E:\\Coding\\perpus\\library\\artisan(16): Illuminate\\Foundation\\Application->handleCommand(Object(Symfony\\Component\\Console\\Input\\ArgvInput))\n#41 {main}', '2025-04-24 23:39:26'),
(7, '26d7e907-3317-4028-8e86-4436489b9057', 'database', 'default', '{\"uuid\":\"26d7e907-3317-4028-8e86-4436489b9057\",\"displayName\":\"App\\\\Events\\\\BookBorrowed\",\"job\":\"Illuminate\\\\Queue\\\\CallQueuedHandler@call\",\"maxTries\":null,\"maxExceptions\":null,\"failOnTimeout\":false,\"backoff\":null,\"timeout\":null,\"retryUntil\":null,\"data\":{\"commandName\":\"Illuminate\\\\Broadcasting\\\\BroadcastEvent\",\"command\":\"O:38:\\\"Illuminate\\\\Broadcasting\\\\BroadcastEvent\\\":14:{s:5:\\\"event\\\";O:23:\\\"App\\\\Events\\\\BookBorrowed\\\":2:{s:4:\\\"user\\\";O:45:\\\"Illuminate\\\\Contracts\\\\Database\\\\ModelIdentifier\\\":5:{s:5:\\\"class\\\";s:15:\\\"App\\\\Models\\\\User\\\";s:2:\\\"id\\\";i:6;s:9:\\\"relations\\\";a:0:{}s:10:\\\"connection\\\";s:5:\\\"mysql\\\";s:15:\\\"collectionClass\\\";N;}s:4:\\\"book\\\";O:45:\\\"Illuminate\\\\Contracts\\\\Database\\\\ModelIdentifier\\\":5:{s:5:\\\"class\\\";s:15:\\\"App\\\\Models\\\\Book\\\";s:2:\\\"id\\\";i:52;s:9:\\\"relations\\\";a:0:{}s:10:\\\"connection\\\";s:5:\\\"mysql\\\";s:15:\\\"collectionClass\\\";N;}}s:5:\\\"tries\\\";N;s:7:\\\"timeout\\\";N;s:7:\\\"backoff\\\";N;s:13:\\\"maxExceptions\\\";N;s:10:\\\"connection\\\";N;s:5:\\\"queue\\\";N;s:5:\\\"delay\\\";N;s:11:\\\"afterCommit\\\";N;s:10:\\\"middleware\\\";a:0:{}s:7:\\\"chained\\\";a:0:{}s:15:\\\"chainConnection\\\";N;s:10:\\\"chainQueue\\\";N;s:19:\\\"chainCatchCallbacks\\\";N;}\"}}', 'Illuminate\\Database\\Eloquent\\ModelNotFoundException: No query results for model [App\\Models\\User]. in E:\\Coding\\perpus\\library\\vendor\\laravel\\framework\\src\\Illuminate\\Database\\Eloquent\\Builder.php:689\nStack trace:\n#0 E:\\Coding\\perpus\\library\\vendor\\laravel\\framework\\src\\Illuminate\\Queue\\SerializesAndRestoresModelIdentifiers.php(110): Illuminate\\Database\\Eloquent\\Builder->firstOrFail()\n#1 E:\\Coding\\perpus\\library\\vendor\\laravel\\framework\\src\\Illuminate\\Queue\\SerializesAndRestoresModelIdentifiers.php(63): App\\Events\\BookBorrowed->restoreModel(Object(Illuminate\\Contracts\\Database\\ModelIdentifier))\n#2 E:\\Coding\\perpus\\library\\vendor\\laravel\\framework\\src\\Illuminate\\Queue\\SerializesModels.php(93): App\\Events\\BookBorrowed->getRestoredPropertyValue(Object(Illuminate\\Contracts\\Database\\ModelIdentifier))\n#3 [internal function]: App\\Events\\BookBorrowed->__unserialize(Array)\n#4 E:\\Coding\\perpus\\library\\vendor\\laravel\\framework\\src\\Illuminate\\Queue\\CallQueuedHandler.php(96): unserialize(\'O:38:\"Illuminat...\')\n#5 E:\\Coding\\perpus\\library\\vendor\\laravel\\framework\\src\\Illuminate\\Queue\\CallQueuedHandler.php(63): Illuminate\\Queue\\CallQueuedHandler->getCommand(Array)\n#6 E:\\Coding\\perpus\\library\\vendor\\laravel\\framework\\src\\Illuminate\\Queue\\Jobs\\Job.php(102): Illuminate\\Queue\\CallQueuedHandler->call(Object(Illuminate\\Queue\\Jobs\\DatabaseJob), Array)\n#7 E:\\Coding\\perpus\\library\\vendor\\laravel\\framework\\src\\Illuminate\\Queue\\Worker.php(442): Illuminate\\Queue\\Jobs\\Job->fire()\n#8 E:\\Coding\\perpus\\library\\vendor\\laravel\\framework\\src\\Illuminate\\Queue\\Worker.php(392): Illuminate\\Queue\\Worker->process(\'database\', Object(Illuminate\\Queue\\Jobs\\DatabaseJob), Object(Illuminate\\Queue\\WorkerOptions))\n#9 E:\\Coding\\perpus\\library\\vendor\\laravel\\framework\\src\\Illuminate\\Queue\\Worker.php(178): Illuminate\\Queue\\Worker->runJob(Object(Illuminate\\Queue\\Jobs\\DatabaseJob), \'database\', Object(Illuminate\\Queue\\WorkerOptions))\n#10 E:\\Coding\\perpus\\library\\vendor\\laravel\\framework\\src\\Illuminate\\Queue\\Console\\WorkCommand.php(149): Illuminate\\Queue\\Worker->daemon(\'database\', \'default\', Object(Illuminate\\Queue\\WorkerOptions))\n#11 E:\\Coding\\perpus\\library\\vendor\\laravel\\framework\\src\\Illuminate\\Queue\\Console\\WorkCommand.php(132): Illuminate\\Queue\\Console\\WorkCommand->runWorker(\'database\', \'default\')\n#12 E:\\Coding\\perpus\\library\\vendor\\laravel\\framework\\src\\Illuminate\\Container\\BoundMethod.php(36): Illuminate\\Queue\\Console\\WorkCommand->handle()\n#13 E:\\Coding\\perpus\\library\\vendor\\laravel\\framework\\src\\Illuminate\\Container\\Util.php(43): Illuminate\\Container\\BoundMethod::{closure:Illuminate\\Container\\BoundMethod::call():35}()\n#14 E:\\Coding\\perpus\\library\\vendor\\laravel\\framework\\src\\Illuminate\\Container\\BoundMethod.php(95): Illuminate\\Container\\Util::unwrapIfClosure(Object(Closure))\n#15 E:\\Coding\\perpus\\library\\vendor\\laravel\\framework\\src\\Illuminate\\Container\\BoundMethod.php(35): Illuminate\\Container\\BoundMethod::callBoundMethod(Object(Illuminate\\Foundation\\Application), Array, Object(Closure))\n#16 E:\\Coding\\perpus\\library\\vendor\\laravel\\framework\\src\\Illuminate\\Container\\Container.php(754): Illuminate\\Container\\BoundMethod::call(Object(Illuminate\\Foundation\\Application), Array, Array, NULL)\n#17 E:\\Coding\\perpus\\library\\vendor\\laravel\\framework\\src\\Illuminate\\Console\\Command.php(213): Illuminate\\Container\\Container->call(Array)\n#18 E:\\Coding\\perpus\\library\\vendor\\symfony\\console\\Command\\Command.php(279): Illuminate\\Console\\Command->execute(Object(Symfony\\Component\\Console\\Input\\ArgvInput), Object(Illuminate\\Console\\OutputStyle))\n#19 E:\\Coding\\perpus\\library\\vendor\\laravel\\framework\\src\\Illuminate\\Console\\Command.php(182): Symfony\\Component\\Console\\Command\\Command->run(Object(Symfony\\Component\\Console\\Input\\ArgvInput), Object(Illuminate\\Console\\OutputStyle))\n#20 E:\\Coding\\perpus\\library\\vendor\\symfony\\console\\Application.php(1094): Illuminate\\Console\\Command->run(Object(Symfony\\Component\\Console\\Input\\ArgvInput), Object(Symfony\\Component\\Console\\Output\\ConsoleOutput))\n#21 E:\\Coding\\perpus\\library\\vendor\\symfony\\console\\Application.php(342): Symfony\\Component\\Console\\Application->doRunCommand(Object(Illuminate\\Queue\\Console\\WorkCommand), Object(Symfony\\Component\\Console\\Input\\ArgvInput), Object(Symfony\\Component\\Console\\Output\\ConsoleOutput))\n#22 E:\\Coding\\perpus\\library\\vendor\\symfony\\console\\Application.php(193): Symfony\\Component\\Console\\Application->doRun(Object(Symfony\\Component\\Console\\Input\\ArgvInput), Object(Symfony\\Component\\Console\\Output\\ConsoleOutput))\n#23 E:\\Coding\\perpus\\library\\vendor\\laravel\\framework\\src\\Illuminate\\Foundation\\Console\\Kernel.php(198): Symfony\\Component\\Console\\Application->run(Object(Symfony\\Component\\Console\\Input\\ArgvInput), Object(Symfony\\Component\\Console\\Output\\ConsoleOutput))\n#24 E:\\Coding\\perpus\\library\\vendor\\laravel\\framework\\src\\Illuminate\\Foundation\\Application.php(1235): Illuminate\\Foundation\\Console\\Kernel->handle(Object(Symfony\\Component\\Console\\Input\\ArgvInput), Object(Symfony\\Component\\Console\\Output\\ConsoleOutput))\n#25 E:\\Coding\\perpus\\library\\artisan(16): Illuminate\\Foundation\\Application->handleCommand(Object(Symfony\\Component\\Console\\Input\\ArgvInput))\n#26 {main}', '2025-05-02 16:03:34'),
(8, '95220f29-0982-45be-88af-8446c5e00bf6', 'database', 'default', '{\"uuid\":\"95220f29-0982-45be-88af-8446c5e00bf6\",\"displayName\":\"App\\\\Events\\\\BookBorrowed\",\"job\":\"Illuminate\\\\Queue\\\\CallQueuedHandler@call\",\"maxTries\":null,\"maxExceptions\":null,\"failOnTimeout\":false,\"backoff\":null,\"timeout\":null,\"retryUntil\":null,\"data\":{\"commandName\":\"Illuminate\\\\Broadcasting\\\\BroadcastEvent\",\"command\":\"O:38:\\\"Illuminate\\\\Broadcasting\\\\BroadcastEvent\\\":14:{s:5:\\\"event\\\";O:23:\\\"App\\\\Events\\\\BookBorrowed\\\":2:{s:4:\\\"user\\\";O:45:\\\"Illuminate\\\\Contracts\\\\Database\\\\ModelIdentifier\\\":5:{s:5:\\\"class\\\";s:15:\\\"App\\\\Models\\\\User\\\";s:2:\\\"id\\\";i:6;s:9:\\\"relations\\\";a:0:{}s:10:\\\"connection\\\";s:5:\\\"mysql\\\";s:15:\\\"collectionClass\\\";N;}s:4:\\\"book\\\";O:45:\\\"Illuminate\\\\Contracts\\\\Database\\\\ModelIdentifier\\\":5:{s:5:\\\"class\\\";s:15:\\\"App\\\\Models\\\\Book\\\";s:2:\\\"id\\\";i:54;s:9:\\\"relations\\\";a:0:{}s:10:\\\"connection\\\";s:5:\\\"mysql\\\";s:15:\\\"collectionClass\\\";N;}}s:5:\\\"tries\\\";N;s:7:\\\"timeout\\\";N;s:7:\\\"backoff\\\";N;s:13:\\\"maxExceptions\\\";N;s:10:\\\"connection\\\";N;s:5:\\\"queue\\\";N;s:5:\\\"delay\\\";N;s:11:\\\"afterCommit\\\";N;s:10:\\\"middleware\\\";a:0:{}s:7:\\\"chained\\\";a:0:{}s:15:\\\"chainConnection\\\";N;s:10:\\\"chainQueue\\\";N;s:19:\\\"chainCatchCallbacks\\\";N;}\"}}', 'Illuminate\\Database\\Eloquent\\ModelNotFoundException: No query results for model [App\\Models\\User]. in E:\\Coding\\perpus\\library\\vendor\\laravel\\framework\\src\\Illuminate\\Database\\Eloquent\\Builder.php:689\nStack trace:\n#0 E:\\Coding\\perpus\\library\\vendor\\laravel\\framework\\src\\Illuminate\\Queue\\SerializesAndRestoresModelIdentifiers.php(110): Illuminate\\Database\\Eloquent\\Builder->firstOrFail()\n#1 E:\\Coding\\perpus\\library\\vendor\\laravel\\framework\\src\\Illuminate\\Queue\\SerializesAndRestoresModelIdentifiers.php(63): App\\Events\\BookBorrowed->restoreModel(Object(Illuminate\\Contracts\\Database\\ModelIdentifier))\n#2 E:\\Coding\\perpus\\library\\vendor\\laravel\\framework\\src\\Illuminate\\Queue\\SerializesModels.php(93): App\\Events\\BookBorrowed->getRestoredPropertyValue(Object(Illuminate\\Contracts\\Database\\ModelIdentifier))\n#3 [internal function]: App\\Events\\BookBorrowed->__unserialize(Array)\n#4 E:\\Coding\\perpus\\library\\vendor\\laravel\\framework\\src\\Illuminate\\Queue\\CallQueuedHandler.php(96): unserialize(\'O:38:\"Illuminat...\')\n#5 E:\\Coding\\perpus\\library\\vendor\\laravel\\framework\\src\\Illuminate\\Queue\\CallQueuedHandler.php(63): Illuminate\\Queue\\CallQueuedHandler->getCommand(Array)\n#6 E:\\Coding\\perpus\\library\\vendor\\laravel\\framework\\src\\Illuminate\\Queue\\Jobs\\Job.php(102): Illuminate\\Queue\\CallQueuedHandler->call(Object(Illuminate\\Queue\\Jobs\\DatabaseJob), Array)\n#7 E:\\Coding\\perpus\\library\\vendor\\laravel\\framework\\src\\Illuminate\\Queue\\Worker.php(442): Illuminate\\Queue\\Jobs\\Job->fire()\n#8 E:\\Coding\\perpus\\library\\vendor\\laravel\\framework\\src\\Illuminate\\Queue\\Worker.php(392): Illuminate\\Queue\\Worker->process(\'database\', Object(Illuminate\\Queue\\Jobs\\DatabaseJob), Object(Illuminate\\Queue\\WorkerOptions))\n#9 E:\\Coding\\perpus\\library\\vendor\\laravel\\framework\\src\\Illuminate\\Queue\\Worker.php(178): Illuminate\\Queue\\Worker->runJob(Object(Illuminate\\Queue\\Jobs\\DatabaseJob), \'database\', Object(Illuminate\\Queue\\WorkerOptions))\n#10 E:\\Coding\\perpus\\library\\vendor\\laravel\\framework\\src\\Illuminate\\Queue\\Console\\WorkCommand.php(149): Illuminate\\Queue\\Worker->daemon(\'database\', \'default\', Object(Illuminate\\Queue\\WorkerOptions))\n#11 E:\\Coding\\perpus\\library\\vendor\\laravel\\framework\\src\\Illuminate\\Queue\\Console\\WorkCommand.php(132): Illuminate\\Queue\\Console\\WorkCommand->runWorker(\'database\', \'default\')\n#12 E:\\Coding\\perpus\\library\\vendor\\laravel\\framework\\src\\Illuminate\\Container\\BoundMethod.php(36): Illuminate\\Queue\\Console\\WorkCommand->handle()\n#13 E:\\Coding\\perpus\\library\\vendor\\laravel\\framework\\src\\Illuminate\\Container\\Util.php(43): Illuminate\\Container\\BoundMethod::{closure:Illuminate\\Container\\BoundMethod::call():35}()\n#14 E:\\Coding\\perpus\\library\\vendor\\laravel\\framework\\src\\Illuminate\\Container\\BoundMethod.php(95): Illuminate\\Container\\Util::unwrapIfClosure(Object(Closure))\n#15 E:\\Coding\\perpus\\library\\vendor\\laravel\\framework\\src\\Illuminate\\Container\\BoundMethod.php(35): Illuminate\\Container\\BoundMethod::callBoundMethod(Object(Illuminate\\Foundation\\Application), Array, Object(Closure))\n#16 E:\\Coding\\perpus\\library\\vendor\\laravel\\framework\\src\\Illuminate\\Container\\Container.php(754): Illuminate\\Container\\BoundMethod::call(Object(Illuminate\\Foundation\\Application), Array, Array, NULL)\n#17 E:\\Coding\\perpus\\library\\vendor\\laravel\\framework\\src\\Illuminate\\Console\\Command.php(213): Illuminate\\Container\\Container->call(Array)\n#18 E:\\Coding\\perpus\\library\\vendor\\symfony\\console\\Command\\Command.php(279): Illuminate\\Console\\Command->execute(Object(Symfony\\Component\\Console\\Input\\ArgvInput), Object(Illuminate\\Console\\OutputStyle))\n#19 E:\\Coding\\perpus\\library\\vendor\\laravel\\framework\\src\\Illuminate\\Console\\Command.php(182): Symfony\\Component\\Console\\Command\\Command->run(Object(Symfony\\Component\\Console\\Input\\ArgvInput), Object(Illuminate\\Console\\OutputStyle))\n#20 E:\\Coding\\perpus\\library\\vendor\\symfony\\console\\Application.php(1094): Illuminate\\Console\\Command->run(Object(Symfony\\Component\\Console\\Input\\ArgvInput), Object(Symfony\\Component\\Console\\Output\\ConsoleOutput))\n#21 E:\\Coding\\perpus\\library\\vendor\\symfony\\console\\Application.php(342): Symfony\\Component\\Console\\Application->doRunCommand(Object(Illuminate\\Queue\\Console\\WorkCommand), Object(Symfony\\Component\\Console\\Input\\ArgvInput), Object(Symfony\\Component\\Console\\Output\\ConsoleOutput))\n#22 E:\\Coding\\perpus\\library\\vendor\\symfony\\console\\Application.php(193): Symfony\\Component\\Console\\Application->doRun(Object(Symfony\\Component\\Console\\Input\\ArgvInput), Object(Symfony\\Component\\Console\\Output\\ConsoleOutput))\n#23 E:\\Coding\\perpus\\library\\vendor\\laravel\\framework\\src\\Illuminate\\Foundation\\Console\\Kernel.php(198): Symfony\\Component\\Console\\Application->run(Object(Symfony\\Component\\Console\\Input\\ArgvInput), Object(Symfony\\Component\\Console\\Output\\ConsoleOutput))\n#24 E:\\Coding\\perpus\\library\\vendor\\laravel\\framework\\src\\Illuminate\\Foundation\\Application.php(1235): Illuminate\\Foundation\\Console\\Kernel->handle(Object(Symfony\\Component\\Console\\Input\\ArgvInput), Object(Symfony\\Component\\Console\\Output\\ConsoleOutput))\n#25 E:\\Coding\\perpus\\library\\artisan(16): Illuminate\\Foundation\\Application->handleCommand(Object(Symfony\\Component\\Console\\Input\\ArgvInput))\n#26 {main}', '2025-05-02 16:03:34'),
(9, '9c8228f5-921e-40d4-b83a-cf20adc9c5c0', 'database', 'default', '{\"uuid\":\"9c8228f5-921e-40d4-b83a-cf20adc9c5c0\",\"displayName\":\"App\\\\Events\\\\BookBorrowed\",\"job\":\"Illuminate\\\\Queue\\\\CallQueuedHandler@call\",\"maxTries\":null,\"maxExceptions\":null,\"failOnTimeout\":false,\"backoff\":null,\"timeout\":null,\"retryUntil\":null,\"data\":{\"commandName\":\"Illuminate\\\\Broadcasting\\\\BroadcastEvent\",\"command\":\"O:38:\\\"Illuminate\\\\Broadcasting\\\\BroadcastEvent\\\":14:{s:5:\\\"event\\\";O:23:\\\"App\\\\Events\\\\BookBorrowed\\\":2:{s:4:\\\"user\\\";O:45:\\\"Illuminate\\\\Contracts\\\\Database\\\\ModelIdentifier\\\":5:{s:5:\\\"class\\\";s:15:\\\"App\\\\Models\\\\User\\\";s:2:\\\"id\\\";i:7;s:9:\\\"relations\\\";a:0:{}s:10:\\\"connection\\\";s:5:\\\"mysql\\\";s:15:\\\"collectionClass\\\";N;}s:4:\\\"book\\\";O:45:\\\"Illuminate\\\\Contracts\\\\Database\\\\ModelIdentifier\\\":5:{s:5:\\\"class\\\";s:15:\\\"App\\\\Models\\\\Book\\\";s:2:\\\"id\\\";i:54;s:9:\\\"relations\\\";a:0:{}s:10:\\\"connection\\\";s:5:\\\"mysql\\\";s:15:\\\"collectionClass\\\";N;}}s:5:\\\"tries\\\";N;s:7:\\\"timeout\\\";N;s:7:\\\"backoff\\\";N;s:13:\\\"maxExceptions\\\";N;s:10:\\\"connection\\\";N;s:5:\\\"queue\\\";N;s:5:\\\"delay\\\";N;s:11:\\\"afterCommit\\\";N;s:10:\\\"middleware\\\";a:0:{}s:7:\\\"chained\\\";a:0:{}s:15:\\\"chainConnection\\\";N;s:10:\\\"chainQueue\\\";N;s:19:\\\"chainCatchCallbacks\\\";N;}\"}}', 'Illuminate\\Database\\Eloquent\\ModelNotFoundException: No query results for model [App\\Models\\User]. in E:\\Coding\\perpus\\library\\vendor\\laravel\\framework\\src\\Illuminate\\Database\\Eloquent\\Builder.php:689\nStack trace:\n#0 E:\\Coding\\perpus\\library\\vendor\\laravel\\framework\\src\\Illuminate\\Queue\\SerializesAndRestoresModelIdentifiers.php(110): Illuminate\\Database\\Eloquent\\Builder->firstOrFail()\n#1 E:\\Coding\\perpus\\library\\vendor\\laravel\\framework\\src\\Illuminate\\Queue\\SerializesAndRestoresModelIdentifiers.php(63): App\\Events\\BookBorrowed->restoreModel(Object(Illuminate\\Contracts\\Database\\ModelIdentifier))\n#2 E:\\Coding\\perpus\\library\\vendor\\laravel\\framework\\src\\Illuminate\\Queue\\SerializesModels.php(93): App\\Events\\BookBorrowed->getRestoredPropertyValue(Object(Illuminate\\Contracts\\Database\\ModelIdentifier))\n#3 [internal function]: App\\Events\\BookBorrowed->__unserialize(Array)\n#4 E:\\Coding\\perpus\\library\\vendor\\laravel\\framework\\src\\Illuminate\\Queue\\CallQueuedHandler.php(96): unserialize(\'O:38:\"Illuminat...\')\n#5 E:\\Coding\\perpus\\library\\vendor\\laravel\\framework\\src\\Illuminate\\Queue\\CallQueuedHandler.php(63): Illuminate\\Queue\\CallQueuedHandler->getCommand(Array)\n#6 E:\\Coding\\perpus\\library\\vendor\\laravel\\framework\\src\\Illuminate\\Queue\\Jobs\\Job.php(102): Illuminate\\Queue\\CallQueuedHandler->call(Object(Illuminate\\Queue\\Jobs\\DatabaseJob), Array)\n#7 E:\\Coding\\perpus\\library\\vendor\\laravel\\framework\\src\\Illuminate\\Queue\\Worker.php(442): Illuminate\\Queue\\Jobs\\Job->fire()\n#8 E:\\Coding\\perpus\\library\\vendor\\laravel\\framework\\src\\Illuminate\\Queue\\Worker.php(392): Illuminate\\Queue\\Worker->process(\'database\', Object(Illuminate\\Queue\\Jobs\\DatabaseJob), Object(Illuminate\\Queue\\WorkerOptions))\n#9 E:\\Coding\\perpus\\library\\vendor\\laravel\\framework\\src\\Illuminate\\Queue\\Worker.php(178): Illuminate\\Queue\\Worker->runJob(Object(Illuminate\\Queue\\Jobs\\DatabaseJob), \'database\', Object(Illuminate\\Queue\\WorkerOptions))\n#10 E:\\Coding\\perpus\\library\\vendor\\laravel\\framework\\src\\Illuminate\\Queue\\Console\\WorkCommand.php(149): Illuminate\\Queue\\Worker->daemon(\'database\', \'default\', Object(Illuminate\\Queue\\WorkerOptions))\n#11 E:\\Coding\\perpus\\library\\vendor\\laravel\\framework\\src\\Illuminate\\Queue\\Console\\WorkCommand.php(132): Illuminate\\Queue\\Console\\WorkCommand->runWorker(\'database\', \'default\')\n#12 E:\\Coding\\perpus\\library\\vendor\\laravel\\framework\\src\\Illuminate\\Container\\BoundMethod.php(36): Illuminate\\Queue\\Console\\WorkCommand->handle()\n#13 E:\\Coding\\perpus\\library\\vendor\\laravel\\framework\\src\\Illuminate\\Container\\Util.php(43): Illuminate\\Container\\BoundMethod::{closure:Illuminate\\Container\\BoundMethod::call():35}()\n#14 E:\\Coding\\perpus\\library\\vendor\\laravel\\framework\\src\\Illuminate\\Container\\BoundMethod.php(95): Illuminate\\Container\\Util::unwrapIfClosure(Object(Closure))\n#15 E:\\Coding\\perpus\\library\\vendor\\laravel\\framework\\src\\Illuminate\\Container\\BoundMethod.php(35): Illuminate\\Container\\BoundMethod::callBoundMethod(Object(Illuminate\\Foundation\\Application), Array, Object(Closure))\n#16 E:\\Coding\\perpus\\library\\vendor\\laravel\\framework\\src\\Illuminate\\Container\\Container.php(754): Illuminate\\Container\\BoundMethod::call(Object(Illuminate\\Foundation\\Application), Array, Array, NULL)\n#17 E:\\Coding\\perpus\\library\\vendor\\laravel\\framework\\src\\Illuminate\\Console\\Command.php(213): Illuminate\\Container\\Container->call(Array)\n#18 E:\\Coding\\perpus\\library\\vendor\\symfony\\console\\Command\\Command.php(279): Illuminate\\Console\\Command->execute(Object(Symfony\\Component\\Console\\Input\\ArgvInput), Object(Illuminate\\Console\\OutputStyle))\n#19 E:\\Coding\\perpus\\library\\vendor\\laravel\\framework\\src\\Illuminate\\Console\\Command.php(182): Symfony\\Component\\Console\\Command\\Command->run(Object(Symfony\\Component\\Console\\Input\\ArgvInput), Object(Illuminate\\Console\\OutputStyle))\n#20 E:\\Coding\\perpus\\library\\vendor\\symfony\\console\\Application.php(1094): Illuminate\\Console\\Command->run(Object(Symfony\\Component\\Console\\Input\\ArgvInput), Object(Symfony\\Component\\Console\\Output\\ConsoleOutput))\n#21 E:\\Coding\\perpus\\library\\vendor\\symfony\\console\\Application.php(342): Symfony\\Component\\Console\\Application->doRunCommand(Object(Illuminate\\Queue\\Console\\WorkCommand), Object(Symfony\\Component\\Console\\Input\\ArgvInput), Object(Symfony\\Component\\Console\\Output\\ConsoleOutput))\n#22 E:\\Coding\\perpus\\library\\vendor\\symfony\\console\\Application.php(193): Symfony\\Component\\Console\\Application->doRun(Object(Symfony\\Component\\Console\\Input\\ArgvInput), Object(Symfony\\Component\\Console\\Output\\ConsoleOutput))\n#23 E:\\Coding\\perpus\\library\\vendor\\laravel\\framework\\src\\Illuminate\\Foundation\\Console\\Kernel.php(198): Symfony\\Component\\Console\\Application->run(Object(Symfony\\Component\\Console\\Input\\ArgvInput), Object(Symfony\\Component\\Console\\Output\\ConsoleOutput))\n#24 E:\\Coding\\perpus\\library\\vendor\\laravel\\framework\\src\\Illuminate\\Foundation\\Application.php(1235): Illuminate\\Foundation\\Console\\Kernel->handle(Object(Symfony\\Component\\Console\\Input\\ArgvInput), Object(Symfony\\Component\\Console\\Output\\ConsoleOutput))\n#25 E:\\Coding\\perpus\\library\\artisan(16): Illuminate\\Foundation\\Application->handleCommand(Object(Symfony\\Component\\Console\\Input\\ArgvInput))\n#26 {main}', '2025-05-02 16:03:34'),
(10, '1d72be89-a849-4ce8-81ff-99e94bf85d83', 'database', 'default', '{\"uuid\":\"1d72be89-a849-4ce8-81ff-99e94bf85d83\",\"displayName\":\"App\\\\Events\\\\BookBorrowed\",\"job\":\"Illuminate\\\\Queue\\\\CallQueuedHandler@call\",\"maxTries\":null,\"maxExceptions\":null,\"failOnTimeout\":false,\"backoff\":null,\"timeout\":null,\"retryUntil\":null,\"data\":{\"commandName\":\"Illuminate\\\\Broadcasting\\\\BroadcastEvent\",\"command\":\"O:38:\\\"Illuminate\\\\Broadcasting\\\\BroadcastEvent\\\":14:{s:5:\\\"event\\\";O:23:\\\"App\\\\Events\\\\BookBorrowed\\\":2:{s:4:\\\"user\\\";O:45:\\\"Illuminate\\\\Contracts\\\\Database\\\\ModelIdentifier\\\":5:{s:5:\\\"class\\\";s:15:\\\"App\\\\Models\\\\User\\\";s:2:\\\"id\\\";i:8;s:9:\\\"relations\\\";a:0:{}s:10:\\\"connection\\\";s:5:\\\"mysql\\\";s:15:\\\"collectionClass\\\";N;}s:4:\\\"book\\\";O:45:\\\"Illuminate\\\\Contracts\\\\Database\\\\ModelIdentifier\\\":5:{s:5:\\\"class\\\";s:15:\\\"App\\\\Models\\\\Book\\\";s:2:\\\"id\\\";i:53;s:9:\\\"relations\\\";a:0:{}s:10:\\\"connection\\\";s:5:\\\"mysql\\\";s:15:\\\"collectionClass\\\";N;}}s:5:\\\"tries\\\";N;s:7:\\\"timeout\\\";N;s:7:\\\"backoff\\\";N;s:13:\\\"maxExceptions\\\";N;s:10:\\\"connection\\\";N;s:5:\\\"queue\\\";N;s:5:\\\"delay\\\";N;s:11:\\\"afterCommit\\\";N;s:10:\\\"middleware\\\";a:0:{}s:7:\\\"chained\\\";a:0:{}s:15:\\\"chainConnection\\\";N;s:10:\\\"chainQueue\\\";N;s:19:\\\"chainCatchCallbacks\\\";N;}\"}}', 'Illuminate\\Database\\Eloquent\\ModelNotFoundException: No query results for model [App\\Models\\User]. in E:\\Coding\\perpus\\library\\vendor\\laravel\\framework\\src\\Illuminate\\Database\\Eloquent\\Builder.php:689\nStack trace:\n#0 E:\\Coding\\perpus\\library\\vendor\\laravel\\framework\\src\\Illuminate\\Queue\\SerializesAndRestoresModelIdentifiers.php(110): Illuminate\\Database\\Eloquent\\Builder->firstOrFail()\n#1 E:\\Coding\\perpus\\library\\vendor\\laravel\\framework\\src\\Illuminate\\Queue\\SerializesAndRestoresModelIdentifiers.php(63): App\\Events\\BookBorrowed->restoreModel(Object(Illuminate\\Contracts\\Database\\ModelIdentifier))\n#2 E:\\Coding\\perpus\\library\\vendor\\laravel\\framework\\src\\Illuminate\\Queue\\SerializesModels.php(93): App\\Events\\BookBorrowed->getRestoredPropertyValue(Object(Illuminate\\Contracts\\Database\\ModelIdentifier))\n#3 [internal function]: App\\Events\\BookBorrowed->__unserialize(Array)\n#4 E:\\Coding\\perpus\\library\\vendor\\laravel\\framework\\src\\Illuminate\\Queue\\CallQueuedHandler.php(96): unserialize(\'O:38:\"Illuminat...\')\n#5 E:\\Coding\\perpus\\library\\vendor\\laravel\\framework\\src\\Illuminate\\Queue\\CallQueuedHandler.php(63): Illuminate\\Queue\\CallQueuedHandler->getCommand(Array)\n#6 E:\\Coding\\perpus\\library\\vendor\\laravel\\framework\\src\\Illuminate\\Queue\\Jobs\\Job.php(102): Illuminate\\Queue\\CallQueuedHandler->call(Object(Illuminate\\Queue\\Jobs\\DatabaseJob), Array)\n#7 E:\\Coding\\perpus\\library\\vendor\\laravel\\framework\\src\\Illuminate\\Queue\\Worker.php(442): Illuminate\\Queue\\Jobs\\Job->fire()\n#8 E:\\Coding\\perpus\\library\\vendor\\laravel\\framework\\src\\Illuminate\\Queue\\Worker.php(392): Illuminate\\Queue\\Worker->process(\'database\', Object(Illuminate\\Queue\\Jobs\\DatabaseJob), Object(Illuminate\\Queue\\WorkerOptions))\n#9 E:\\Coding\\perpus\\library\\vendor\\laravel\\framework\\src\\Illuminate\\Queue\\Worker.php(178): Illuminate\\Queue\\Worker->runJob(Object(Illuminate\\Queue\\Jobs\\DatabaseJob), \'database\', Object(Illuminate\\Queue\\WorkerOptions))\n#10 E:\\Coding\\perpus\\library\\vendor\\laravel\\framework\\src\\Illuminate\\Queue\\Console\\WorkCommand.php(149): Illuminate\\Queue\\Worker->daemon(\'database\', \'default\', Object(Illuminate\\Queue\\WorkerOptions))\n#11 E:\\Coding\\perpus\\library\\vendor\\laravel\\framework\\src\\Illuminate\\Queue\\Console\\WorkCommand.php(132): Illuminate\\Queue\\Console\\WorkCommand->runWorker(\'database\', \'default\')\n#12 E:\\Coding\\perpus\\library\\vendor\\laravel\\framework\\src\\Illuminate\\Container\\BoundMethod.php(36): Illuminate\\Queue\\Console\\WorkCommand->handle()\n#13 E:\\Coding\\perpus\\library\\vendor\\laravel\\framework\\src\\Illuminate\\Container\\Util.php(43): Illuminate\\Container\\BoundMethod::{closure:Illuminate\\Container\\BoundMethod::call():35}()\n#14 E:\\Coding\\perpus\\library\\vendor\\laravel\\framework\\src\\Illuminate\\Container\\BoundMethod.php(95): Illuminate\\Container\\Util::unwrapIfClosure(Object(Closure))\n#15 E:\\Coding\\perpus\\library\\vendor\\laravel\\framework\\src\\Illuminate\\Container\\BoundMethod.php(35): Illuminate\\Container\\BoundMethod::callBoundMethod(Object(Illuminate\\Foundation\\Application), Array, Object(Closure))\n#16 E:\\Coding\\perpus\\library\\vendor\\laravel\\framework\\src\\Illuminate\\Container\\Container.php(754): Illuminate\\Container\\BoundMethod::call(Object(Illuminate\\Foundation\\Application), Array, Array, NULL)\n#17 E:\\Coding\\perpus\\library\\vendor\\laravel\\framework\\src\\Illuminate\\Console\\Command.php(213): Illuminate\\Container\\Container->call(Array)\n#18 E:\\Coding\\perpus\\library\\vendor\\symfony\\console\\Command\\Command.php(279): Illuminate\\Console\\Command->execute(Object(Symfony\\Component\\Console\\Input\\ArgvInput), Object(Illuminate\\Console\\OutputStyle))\n#19 E:\\Coding\\perpus\\library\\vendor\\laravel\\framework\\src\\Illuminate\\Console\\Command.php(182): Symfony\\Component\\Console\\Command\\Command->run(Object(Symfony\\Component\\Console\\Input\\ArgvInput), Object(Illuminate\\Console\\OutputStyle))\n#20 E:\\Coding\\perpus\\library\\vendor\\symfony\\console\\Application.php(1094): Illuminate\\Console\\Command->run(Object(Symfony\\Component\\Console\\Input\\ArgvInput), Object(Symfony\\Component\\Console\\Output\\ConsoleOutput))\n#21 E:\\Coding\\perpus\\library\\vendor\\symfony\\console\\Application.php(342): Symfony\\Component\\Console\\Application->doRunCommand(Object(Illuminate\\Queue\\Console\\WorkCommand), Object(Symfony\\Component\\Console\\Input\\ArgvInput), Object(Symfony\\Component\\Console\\Output\\ConsoleOutput))\n#22 E:\\Coding\\perpus\\library\\vendor\\symfony\\console\\Application.php(193): Symfony\\Component\\Console\\Application->doRun(Object(Symfony\\Component\\Console\\Input\\ArgvInput), Object(Symfony\\Component\\Console\\Output\\ConsoleOutput))\n#23 E:\\Coding\\perpus\\library\\vendor\\laravel\\framework\\src\\Illuminate\\Foundation\\Console\\Kernel.php(198): Symfony\\Component\\Console\\Application->run(Object(Symfony\\Component\\Console\\Input\\ArgvInput), Object(Symfony\\Component\\Console\\Output\\ConsoleOutput))\n#24 E:\\Coding\\perpus\\library\\vendor\\laravel\\framework\\src\\Illuminate\\Foundation\\Application.php(1235): Illuminate\\Foundation\\Console\\Kernel->handle(Object(Symfony\\Component\\Console\\Input\\ArgvInput), Object(Symfony\\Component\\Console\\Output\\ConsoleOutput))\n#25 E:\\Coding\\perpus\\library\\artisan(16): Illuminate\\Foundation\\Application->handleCommand(Object(Symfony\\Component\\Console\\Input\\ArgvInput))\n#26 {main}', '2025-05-02 16:03:34');
INSERT INTO `failed_jobs` (`id`, `uuid`, `connection`, `queue`, `payload`, `exception`, `failed_at`) VALUES
(11, '6109dc30-0072-492b-8745-652ad4b7d2db', 'database', 'default', '{\"uuid\":\"6109dc30-0072-492b-8745-652ad4b7d2db\",\"displayName\":\"App\\\\Events\\\\BookBorrowed\",\"job\":\"Illuminate\\\\Queue\\\\CallQueuedHandler@call\",\"maxTries\":null,\"maxExceptions\":null,\"failOnTimeout\":false,\"backoff\":null,\"timeout\":null,\"retryUntil\":null,\"data\":{\"commandName\":\"Illuminate\\\\Broadcasting\\\\BroadcastEvent\",\"command\":\"O:38:\\\"Illuminate\\\\Broadcasting\\\\BroadcastEvent\\\":14:{s:5:\\\"event\\\";O:23:\\\"App\\\\Events\\\\BookBorrowed\\\":2:{s:4:\\\"user\\\";O:45:\\\"Illuminate\\\\Contracts\\\\Database\\\\ModelIdentifier\\\":5:{s:5:\\\"class\\\";s:15:\\\"App\\\\Models\\\\User\\\";s:2:\\\"id\\\";i:13;s:9:\\\"relations\\\";a:0:{}s:10:\\\"connection\\\";s:5:\\\"mysql\\\";s:15:\\\"collectionClass\\\";N;}s:4:\\\"book\\\";O:45:\\\"Illuminate\\\\Contracts\\\\Database\\\\ModelIdentifier\\\":5:{s:5:\\\"class\\\";s:15:\\\"App\\\\Models\\\\Book\\\";s:2:\\\"id\\\";i:53;s:9:\\\"relations\\\";a:0:{}s:10:\\\"connection\\\";s:5:\\\"mysql\\\";s:15:\\\"collectionClass\\\";N;}}s:5:\\\"tries\\\";N;s:7:\\\"timeout\\\";N;s:7:\\\"backoff\\\";N;s:13:\\\"maxExceptions\\\";N;s:10:\\\"connection\\\";N;s:5:\\\"queue\\\";N;s:5:\\\"delay\\\";N;s:11:\\\"afterCommit\\\";N;s:10:\\\"middleware\\\";a:0:{}s:7:\\\"chained\\\";a:0:{}s:15:\\\"chainConnection\\\";N;s:10:\\\"chainQueue\\\";N;s:19:\\\"chainCatchCallbacks\\\";N;}\"}}', 'Illuminate\\Database\\Eloquent\\ModelNotFoundException: No query results for model [App\\Models\\User]. in E:\\Coding\\perpus\\library\\vendor\\laravel\\framework\\src\\Illuminate\\Database\\Eloquent\\Builder.php:689\nStack trace:\n#0 E:\\Coding\\perpus\\library\\vendor\\laravel\\framework\\src\\Illuminate\\Queue\\SerializesAndRestoresModelIdentifiers.php(110): Illuminate\\Database\\Eloquent\\Builder->firstOrFail()\n#1 E:\\Coding\\perpus\\library\\vendor\\laravel\\framework\\src\\Illuminate\\Queue\\SerializesAndRestoresModelIdentifiers.php(63): App\\Events\\BookBorrowed->restoreModel(Object(Illuminate\\Contracts\\Database\\ModelIdentifier))\n#2 E:\\Coding\\perpus\\library\\vendor\\laravel\\framework\\src\\Illuminate\\Queue\\SerializesModels.php(93): App\\Events\\BookBorrowed->getRestoredPropertyValue(Object(Illuminate\\Contracts\\Database\\ModelIdentifier))\n#3 [internal function]: App\\Events\\BookBorrowed->__unserialize(Array)\n#4 E:\\Coding\\perpus\\library\\vendor\\laravel\\framework\\src\\Illuminate\\Queue\\CallQueuedHandler.php(96): unserialize(\'O:38:\"Illuminat...\')\n#5 E:\\Coding\\perpus\\library\\vendor\\laravel\\framework\\src\\Illuminate\\Queue\\CallQueuedHandler.php(63): Illuminate\\Queue\\CallQueuedHandler->getCommand(Array)\n#6 E:\\Coding\\perpus\\library\\vendor\\laravel\\framework\\src\\Illuminate\\Queue\\Jobs\\Job.php(102): Illuminate\\Queue\\CallQueuedHandler->call(Object(Illuminate\\Queue\\Jobs\\DatabaseJob), Array)\n#7 E:\\Coding\\perpus\\library\\vendor\\laravel\\framework\\src\\Illuminate\\Queue\\Worker.php(442): Illuminate\\Queue\\Jobs\\Job->fire()\n#8 E:\\Coding\\perpus\\library\\vendor\\laravel\\framework\\src\\Illuminate\\Queue\\Worker.php(392): Illuminate\\Queue\\Worker->process(\'database\', Object(Illuminate\\Queue\\Jobs\\DatabaseJob), Object(Illuminate\\Queue\\WorkerOptions))\n#9 E:\\Coding\\perpus\\library\\vendor\\laravel\\framework\\src\\Illuminate\\Queue\\Worker.php(178): Illuminate\\Queue\\Worker->runJob(Object(Illuminate\\Queue\\Jobs\\DatabaseJob), \'database\', Object(Illuminate\\Queue\\WorkerOptions))\n#10 E:\\Coding\\perpus\\library\\vendor\\laravel\\framework\\src\\Illuminate\\Queue\\Console\\WorkCommand.php(149): Illuminate\\Queue\\Worker->daemon(\'database\', \'default\', Object(Illuminate\\Queue\\WorkerOptions))\n#11 E:\\Coding\\perpus\\library\\vendor\\laravel\\framework\\src\\Illuminate\\Queue\\Console\\WorkCommand.php(132): Illuminate\\Queue\\Console\\WorkCommand->runWorker(\'database\', \'default\')\n#12 E:\\Coding\\perpus\\library\\vendor\\laravel\\framework\\src\\Illuminate\\Container\\BoundMethod.php(36): Illuminate\\Queue\\Console\\WorkCommand->handle()\n#13 E:\\Coding\\perpus\\library\\vendor\\laravel\\framework\\src\\Illuminate\\Container\\Util.php(43): Illuminate\\Container\\BoundMethod::{closure:Illuminate\\Container\\BoundMethod::call():35}()\n#14 E:\\Coding\\perpus\\library\\vendor\\laravel\\framework\\src\\Illuminate\\Container\\BoundMethod.php(95): Illuminate\\Container\\Util::unwrapIfClosure(Object(Closure))\n#15 E:\\Coding\\perpus\\library\\vendor\\laravel\\framework\\src\\Illuminate\\Container\\BoundMethod.php(35): Illuminate\\Container\\BoundMethod::callBoundMethod(Object(Illuminate\\Foundation\\Application), Array, Object(Closure))\n#16 E:\\Coding\\perpus\\library\\vendor\\laravel\\framework\\src\\Illuminate\\Container\\Container.php(754): Illuminate\\Container\\BoundMethod::call(Object(Illuminate\\Foundation\\Application), Array, Array, NULL)\n#17 E:\\Coding\\perpus\\library\\vendor\\laravel\\framework\\src\\Illuminate\\Console\\Command.php(213): Illuminate\\Container\\Container->call(Array)\n#18 E:\\Coding\\perpus\\library\\vendor\\symfony\\console\\Command\\Command.php(279): Illuminate\\Console\\Command->execute(Object(Symfony\\Component\\Console\\Input\\ArgvInput), Object(Illuminate\\Console\\OutputStyle))\n#19 E:\\Coding\\perpus\\library\\vendor\\laravel\\framework\\src\\Illuminate\\Console\\Command.php(182): Symfony\\Component\\Console\\Command\\Command->run(Object(Symfony\\Component\\Console\\Input\\ArgvInput), Object(Illuminate\\Console\\OutputStyle))\n#20 E:\\Coding\\perpus\\library\\vendor\\symfony\\console\\Application.php(1094): Illuminate\\Console\\Command->run(Object(Symfony\\Component\\Console\\Input\\ArgvInput), Object(Symfony\\Component\\Console\\Output\\ConsoleOutput))\n#21 E:\\Coding\\perpus\\library\\vendor\\symfony\\console\\Application.php(342): Symfony\\Component\\Console\\Application->doRunCommand(Object(Illuminate\\Queue\\Console\\WorkCommand), Object(Symfony\\Component\\Console\\Input\\ArgvInput), Object(Symfony\\Component\\Console\\Output\\ConsoleOutput))\n#22 E:\\Coding\\perpus\\library\\vendor\\symfony\\console\\Application.php(193): Symfony\\Component\\Console\\Application->doRun(Object(Symfony\\Component\\Console\\Input\\ArgvInput), Object(Symfony\\Component\\Console\\Output\\ConsoleOutput))\n#23 E:\\Coding\\perpus\\library\\vendor\\laravel\\framework\\src\\Illuminate\\Foundation\\Console\\Kernel.php(198): Symfony\\Component\\Console\\Application->run(Object(Symfony\\Component\\Console\\Input\\ArgvInput), Object(Symfony\\Component\\Console\\Output\\ConsoleOutput))\n#24 E:\\Coding\\perpus\\library\\vendor\\laravel\\framework\\src\\Illuminate\\Foundation\\Application.php(1235): Illuminate\\Foundation\\Console\\Kernel->handle(Object(Symfony\\Component\\Console\\Input\\ArgvInput), Object(Symfony\\Component\\Console\\Output\\ConsoleOutput))\n#25 E:\\Coding\\perpus\\library\\artisan(16): Illuminate\\Foundation\\Application->handleCommand(Object(Symfony\\Component\\Console\\Input\\ArgvInput))\n#26 {main}', '2025-05-02 16:03:34'),
(12, '0c0934ae-998d-4bc7-840a-85257003591a', 'database', 'default', '{\"uuid\":\"0c0934ae-998d-4bc7-840a-85257003591a\",\"displayName\":\"App\\\\Events\\\\BookBorrowed\",\"job\":\"Illuminate\\\\Queue\\\\CallQueuedHandler@call\",\"maxTries\":null,\"maxExceptions\":null,\"failOnTimeout\":false,\"backoff\":null,\"timeout\":null,\"retryUntil\":null,\"data\":{\"commandName\":\"Illuminate\\\\Broadcasting\\\\BroadcastEvent\",\"command\":\"O:38:\\\"Illuminate\\\\Broadcasting\\\\BroadcastEvent\\\":14:{s:5:\\\"event\\\";O:23:\\\"App\\\\Events\\\\BookBorrowed\\\":2:{s:4:\\\"user\\\";O:45:\\\"Illuminate\\\\Contracts\\\\Database\\\\ModelIdentifier\\\":5:{s:5:\\\"class\\\";s:15:\\\"App\\\\Models\\\\User\\\";s:2:\\\"id\\\";i:13;s:9:\\\"relations\\\";a:0:{}s:10:\\\"connection\\\";s:5:\\\"mysql\\\";s:15:\\\"collectionClass\\\";N;}s:4:\\\"book\\\";O:45:\\\"Illuminate\\\\Contracts\\\\Database\\\\ModelIdentifier\\\":5:{s:5:\\\"class\\\";s:15:\\\"App\\\\Models\\\\Book\\\";s:2:\\\"id\\\";i:56;s:9:\\\"relations\\\";a:0:{}s:10:\\\"connection\\\";s:5:\\\"mysql\\\";s:15:\\\"collectionClass\\\";N;}}s:5:\\\"tries\\\";N;s:7:\\\"timeout\\\";N;s:7:\\\"backoff\\\";N;s:13:\\\"maxExceptions\\\";N;s:10:\\\"connection\\\";N;s:5:\\\"queue\\\";N;s:5:\\\"delay\\\";N;s:11:\\\"afterCommit\\\";N;s:10:\\\"middleware\\\";a:0:{}s:7:\\\"chained\\\";a:0:{}s:15:\\\"chainConnection\\\";N;s:10:\\\"chainQueue\\\";N;s:19:\\\"chainCatchCallbacks\\\";N;}\"}}', 'Illuminate\\Database\\Eloquent\\ModelNotFoundException: No query results for model [App\\Models\\User]. in E:\\Coding\\perpus\\library\\vendor\\laravel\\framework\\src\\Illuminate\\Database\\Eloquent\\Builder.php:689\nStack trace:\n#0 E:\\Coding\\perpus\\library\\vendor\\laravel\\framework\\src\\Illuminate\\Queue\\SerializesAndRestoresModelIdentifiers.php(110): Illuminate\\Database\\Eloquent\\Builder->firstOrFail()\n#1 E:\\Coding\\perpus\\library\\vendor\\laravel\\framework\\src\\Illuminate\\Queue\\SerializesAndRestoresModelIdentifiers.php(63): App\\Events\\BookBorrowed->restoreModel(Object(Illuminate\\Contracts\\Database\\ModelIdentifier))\n#2 E:\\Coding\\perpus\\library\\vendor\\laravel\\framework\\src\\Illuminate\\Queue\\SerializesModels.php(93): App\\Events\\BookBorrowed->getRestoredPropertyValue(Object(Illuminate\\Contracts\\Database\\ModelIdentifier))\n#3 [internal function]: App\\Events\\BookBorrowed->__unserialize(Array)\n#4 E:\\Coding\\perpus\\library\\vendor\\laravel\\framework\\src\\Illuminate\\Queue\\CallQueuedHandler.php(96): unserialize(\'O:38:\"Illuminat...\')\n#5 E:\\Coding\\perpus\\library\\vendor\\laravel\\framework\\src\\Illuminate\\Queue\\CallQueuedHandler.php(63): Illuminate\\Queue\\CallQueuedHandler->getCommand(Array)\n#6 E:\\Coding\\perpus\\library\\vendor\\laravel\\framework\\src\\Illuminate\\Queue\\Jobs\\Job.php(102): Illuminate\\Queue\\CallQueuedHandler->call(Object(Illuminate\\Queue\\Jobs\\DatabaseJob), Array)\n#7 E:\\Coding\\perpus\\library\\vendor\\laravel\\framework\\src\\Illuminate\\Queue\\Worker.php(442): Illuminate\\Queue\\Jobs\\Job->fire()\n#8 E:\\Coding\\perpus\\library\\vendor\\laravel\\framework\\src\\Illuminate\\Queue\\Worker.php(392): Illuminate\\Queue\\Worker->process(\'database\', Object(Illuminate\\Queue\\Jobs\\DatabaseJob), Object(Illuminate\\Queue\\WorkerOptions))\n#9 E:\\Coding\\perpus\\library\\vendor\\laravel\\framework\\src\\Illuminate\\Queue\\Worker.php(178): Illuminate\\Queue\\Worker->runJob(Object(Illuminate\\Queue\\Jobs\\DatabaseJob), \'database\', Object(Illuminate\\Queue\\WorkerOptions))\n#10 E:\\Coding\\perpus\\library\\vendor\\laravel\\framework\\src\\Illuminate\\Queue\\Console\\WorkCommand.php(149): Illuminate\\Queue\\Worker->daemon(\'database\', \'default\', Object(Illuminate\\Queue\\WorkerOptions))\n#11 E:\\Coding\\perpus\\library\\vendor\\laravel\\framework\\src\\Illuminate\\Queue\\Console\\WorkCommand.php(132): Illuminate\\Queue\\Console\\WorkCommand->runWorker(\'database\', \'default\')\n#12 E:\\Coding\\perpus\\library\\vendor\\laravel\\framework\\src\\Illuminate\\Container\\BoundMethod.php(36): Illuminate\\Queue\\Console\\WorkCommand->handle()\n#13 E:\\Coding\\perpus\\library\\vendor\\laravel\\framework\\src\\Illuminate\\Container\\Util.php(43): Illuminate\\Container\\BoundMethod::{closure:Illuminate\\Container\\BoundMethod::call():35}()\n#14 E:\\Coding\\perpus\\library\\vendor\\laravel\\framework\\src\\Illuminate\\Container\\BoundMethod.php(95): Illuminate\\Container\\Util::unwrapIfClosure(Object(Closure))\n#15 E:\\Coding\\perpus\\library\\vendor\\laravel\\framework\\src\\Illuminate\\Container\\BoundMethod.php(35): Illuminate\\Container\\BoundMethod::callBoundMethod(Object(Illuminate\\Foundation\\Application), Array, Object(Closure))\n#16 E:\\Coding\\perpus\\library\\vendor\\laravel\\framework\\src\\Illuminate\\Container\\Container.php(754): Illuminate\\Container\\BoundMethod::call(Object(Illuminate\\Foundation\\Application), Array, Array, NULL)\n#17 E:\\Coding\\perpus\\library\\vendor\\laravel\\framework\\src\\Illuminate\\Console\\Command.php(213): Illuminate\\Container\\Container->call(Array)\n#18 E:\\Coding\\perpus\\library\\vendor\\symfony\\console\\Command\\Command.php(279): Illuminate\\Console\\Command->execute(Object(Symfony\\Component\\Console\\Input\\ArgvInput), Object(Illuminate\\Console\\OutputStyle))\n#19 E:\\Coding\\perpus\\library\\vendor\\laravel\\framework\\src\\Illuminate\\Console\\Command.php(182): Symfony\\Component\\Console\\Command\\Command->run(Object(Symfony\\Component\\Console\\Input\\ArgvInput), Object(Illuminate\\Console\\OutputStyle))\n#20 E:\\Coding\\perpus\\library\\vendor\\symfony\\console\\Application.php(1094): Illuminate\\Console\\Command->run(Object(Symfony\\Component\\Console\\Input\\ArgvInput), Object(Symfony\\Component\\Console\\Output\\ConsoleOutput))\n#21 E:\\Coding\\perpus\\library\\vendor\\symfony\\console\\Application.php(342): Symfony\\Component\\Console\\Application->doRunCommand(Object(Illuminate\\Queue\\Console\\WorkCommand), Object(Symfony\\Component\\Console\\Input\\ArgvInput), Object(Symfony\\Component\\Console\\Output\\ConsoleOutput))\n#22 E:\\Coding\\perpus\\library\\vendor\\symfony\\console\\Application.php(193): Symfony\\Component\\Console\\Application->doRun(Object(Symfony\\Component\\Console\\Input\\ArgvInput), Object(Symfony\\Component\\Console\\Output\\ConsoleOutput))\n#23 E:\\Coding\\perpus\\library\\vendor\\laravel\\framework\\src\\Illuminate\\Foundation\\Console\\Kernel.php(198): Symfony\\Component\\Console\\Application->run(Object(Symfony\\Component\\Console\\Input\\ArgvInput), Object(Symfony\\Component\\Console\\Output\\ConsoleOutput))\n#24 E:\\Coding\\perpus\\library\\vendor\\laravel\\framework\\src\\Illuminate\\Foundation\\Application.php(1235): Illuminate\\Foundation\\Console\\Kernel->handle(Object(Symfony\\Component\\Console\\Input\\ArgvInput), Object(Symfony\\Component\\Console\\Output\\ConsoleOutput))\n#25 E:\\Coding\\perpus\\library\\artisan(16): Illuminate\\Foundation\\Application->handleCommand(Object(Symfony\\Component\\Console\\Input\\ArgvInput))\n#26 {main}', '2025-05-02 16:03:35'),
(13, 'af0645bf-2d10-4aba-8fa1-6fe2f685b862', 'database', 'default', '{\"uuid\":\"af0645bf-2d10-4aba-8fa1-6fe2f685b862\",\"displayName\":\"App\\\\Events\\\\BookBorrowed\",\"job\":\"Illuminate\\\\Queue\\\\CallQueuedHandler@call\",\"maxTries\":null,\"maxExceptions\":null,\"failOnTimeout\":false,\"backoff\":null,\"timeout\":null,\"retryUntil\":null,\"data\":{\"commandName\":\"Illuminate\\\\Broadcasting\\\\BroadcastEvent\",\"command\":\"O:38:\\\"Illuminate\\\\Broadcasting\\\\BroadcastEvent\\\":14:{s:5:\\\"event\\\";O:23:\\\"App\\\\Events\\\\BookBorrowed\\\":2:{s:4:\\\"user\\\";O:45:\\\"Illuminate\\\\Contracts\\\\Database\\\\ModelIdentifier\\\":5:{s:5:\\\"class\\\";s:15:\\\"App\\\\Models\\\\User\\\";s:2:\\\"id\\\";i:13;s:9:\\\"relations\\\";a:0:{}s:10:\\\"connection\\\";s:5:\\\"mysql\\\";s:15:\\\"collectionClass\\\";N;}s:4:\\\"book\\\";O:45:\\\"Illuminate\\\\Contracts\\\\Database\\\\ModelIdentifier\\\":5:{s:5:\\\"class\\\";s:15:\\\"App\\\\Models\\\\Book\\\";s:2:\\\"id\\\";i:52;s:9:\\\"relations\\\";a:0:{}s:10:\\\"connection\\\";s:5:\\\"mysql\\\";s:15:\\\"collectionClass\\\";N;}}s:5:\\\"tries\\\";N;s:7:\\\"timeout\\\";N;s:7:\\\"backoff\\\";N;s:13:\\\"maxExceptions\\\";N;s:10:\\\"connection\\\";N;s:5:\\\"queue\\\";N;s:5:\\\"delay\\\";N;s:11:\\\"afterCommit\\\";N;s:10:\\\"middleware\\\";a:0:{}s:7:\\\"chained\\\";a:0:{}s:15:\\\"chainConnection\\\";N;s:10:\\\"chainQueue\\\";N;s:19:\\\"chainCatchCallbacks\\\";N;}\"}}', 'Illuminate\\Database\\Eloquent\\ModelNotFoundException: No query results for model [App\\Models\\User]. in E:\\Coding\\perpus\\library\\vendor\\laravel\\framework\\src\\Illuminate\\Database\\Eloquent\\Builder.php:689\nStack trace:\n#0 E:\\Coding\\perpus\\library\\vendor\\laravel\\framework\\src\\Illuminate\\Queue\\SerializesAndRestoresModelIdentifiers.php(110): Illuminate\\Database\\Eloquent\\Builder->firstOrFail()\n#1 E:\\Coding\\perpus\\library\\vendor\\laravel\\framework\\src\\Illuminate\\Queue\\SerializesAndRestoresModelIdentifiers.php(63): App\\Events\\BookBorrowed->restoreModel(Object(Illuminate\\Contracts\\Database\\ModelIdentifier))\n#2 E:\\Coding\\perpus\\library\\vendor\\laravel\\framework\\src\\Illuminate\\Queue\\SerializesModels.php(93): App\\Events\\BookBorrowed->getRestoredPropertyValue(Object(Illuminate\\Contracts\\Database\\ModelIdentifier))\n#3 [internal function]: App\\Events\\BookBorrowed->__unserialize(Array)\n#4 E:\\Coding\\perpus\\library\\vendor\\laravel\\framework\\src\\Illuminate\\Queue\\CallQueuedHandler.php(96): unserialize(\'O:38:\"Illuminat...\')\n#5 E:\\Coding\\perpus\\library\\vendor\\laravel\\framework\\src\\Illuminate\\Queue\\CallQueuedHandler.php(63): Illuminate\\Queue\\CallQueuedHandler->getCommand(Array)\n#6 E:\\Coding\\perpus\\library\\vendor\\laravel\\framework\\src\\Illuminate\\Queue\\Jobs\\Job.php(102): Illuminate\\Queue\\CallQueuedHandler->call(Object(Illuminate\\Queue\\Jobs\\DatabaseJob), Array)\n#7 E:\\Coding\\perpus\\library\\vendor\\laravel\\framework\\src\\Illuminate\\Queue\\Worker.php(442): Illuminate\\Queue\\Jobs\\Job->fire()\n#8 E:\\Coding\\perpus\\library\\vendor\\laravel\\framework\\src\\Illuminate\\Queue\\Worker.php(392): Illuminate\\Queue\\Worker->process(\'database\', Object(Illuminate\\Queue\\Jobs\\DatabaseJob), Object(Illuminate\\Queue\\WorkerOptions))\n#9 E:\\Coding\\perpus\\library\\vendor\\laravel\\framework\\src\\Illuminate\\Queue\\Worker.php(178): Illuminate\\Queue\\Worker->runJob(Object(Illuminate\\Queue\\Jobs\\DatabaseJob), \'database\', Object(Illuminate\\Queue\\WorkerOptions))\n#10 E:\\Coding\\perpus\\library\\vendor\\laravel\\framework\\src\\Illuminate\\Queue\\Console\\WorkCommand.php(149): Illuminate\\Queue\\Worker->daemon(\'database\', \'default\', Object(Illuminate\\Queue\\WorkerOptions))\n#11 E:\\Coding\\perpus\\library\\vendor\\laravel\\framework\\src\\Illuminate\\Queue\\Console\\WorkCommand.php(132): Illuminate\\Queue\\Console\\WorkCommand->runWorker(\'database\', \'default\')\n#12 E:\\Coding\\perpus\\library\\vendor\\laravel\\framework\\src\\Illuminate\\Container\\BoundMethod.php(36): Illuminate\\Queue\\Console\\WorkCommand->handle()\n#13 E:\\Coding\\perpus\\library\\vendor\\laravel\\framework\\src\\Illuminate\\Container\\Util.php(43): Illuminate\\Container\\BoundMethod::{closure:Illuminate\\Container\\BoundMethod::call():35}()\n#14 E:\\Coding\\perpus\\library\\vendor\\laravel\\framework\\src\\Illuminate\\Container\\BoundMethod.php(95): Illuminate\\Container\\Util::unwrapIfClosure(Object(Closure))\n#15 E:\\Coding\\perpus\\library\\vendor\\laravel\\framework\\src\\Illuminate\\Container\\BoundMethod.php(35): Illuminate\\Container\\BoundMethod::callBoundMethod(Object(Illuminate\\Foundation\\Application), Array, Object(Closure))\n#16 E:\\Coding\\perpus\\library\\vendor\\laravel\\framework\\src\\Illuminate\\Container\\Container.php(754): Illuminate\\Container\\BoundMethod::call(Object(Illuminate\\Foundation\\Application), Array, Array, NULL)\n#17 E:\\Coding\\perpus\\library\\vendor\\laravel\\framework\\src\\Illuminate\\Console\\Command.php(213): Illuminate\\Container\\Container->call(Array)\n#18 E:\\Coding\\perpus\\library\\vendor\\symfony\\console\\Command\\Command.php(279): Illuminate\\Console\\Command->execute(Object(Symfony\\Component\\Console\\Input\\ArgvInput), Object(Illuminate\\Console\\OutputStyle))\n#19 E:\\Coding\\perpus\\library\\vendor\\laravel\\framework\\src\\Illuminate\\Console\\Command.php(182): Symfony\\Component\\Console\\Command\\Command->run(Object(Symfony\\Component\\Console\\Input\\ArgvInput), Object(Illuminate\\Console\\OutputStyle))\n#20 E:\\Coding\\perpus\\library\\vendor\\symfony\\console\\Application.php(1094): Illuminate\\Console\\Command->run(Object(Symfony\\Component\\Console\\Input\\ArgvInput), Object(Symfony\\Component\\Console\\Output\\ConsoleOutput))\n#21 E:\\Coding\\perpus\\library\\vendor\\symfony\\console\\Application.php(342): Symfony\\Component\\Console\\Application->doRunCommand(Object(Illuminate\\Queue\\Console\\WorkCommand), Object(Symfony\\Component\\Console\\Input\\ArgvInput), Object(Symfony\\Component\\Console\\Output\\ConsoleOutput))\n#22 E:\\Coding\\perpus\\library\\vendor\\symfony\\console\\Application.php(193): Symfony\\Component\\Console\\Application->doRun(Object(Symfony\\Component\\Console\\Input\\ArgvInput), Object(Symfony\\Component\\Console\\Output\\ConsoleOutput))\n#23 E:\\Coding\\perpus\\library\\vendor\\laravel\\framework\\src\\Illuminate\\Foundation\\Console\\Kernel.php(198): Symfony\\Component\\Console\\Application->run(Object(Symfony\\Component\\Console\\Input\\ArgvInput), Object(Symfony\\Component\\Console\\Output\\ConsoleOutput))\n#24 E:\\Coding\\perpus\\library\\vendor\\laravel\\framework\\src\\Illuminate\\Foundation\\Application.php(1235): Illuminate\\Foundation\\Console\\Kernel->handle(Object(Symfony\\Component\\Console\\Input\\ArgvInput), Object(Symfony\\Component\\Console\\Output\\ConsoleOutput))\n#25 E:\\Coding\\perpus\\library\\artisan(16): Illuminate\\Foundation\\Application->handleCommand(Object(Symfony\\Component\\Console\\Input\\ArgvInput))\n#26 {main}', '2025-05-02 16:03:35');

-- --------------------------------------------------------

--
-- Table structure for table `genres`
--

CREATE TABLE `genres` (
  `genre_id` bigint UNSIGNED NOT NULL,
  `name` varchar(100) COLLATE utf8mb4_unicode_ci NOT NULL,
  `created_at` timestamp NULL DEFAULT NULL,
  `updated_at` timestamp NULL DEFAULT NULL
) ENGINE=InnoDB DEFAULT CHARSET=utf8mb4 COLLATE=utf8mb4_unicode_ci;

--
-- Dumping data for table `genres`
--

INSERT INTO `genres` (`genre_id`, `name`, `created_at`, `updated_at`) VALUES
(33, 'Romance', NULL, NULL),
(34, 'Fantasy', NULL, NULL),
(35, 'Horror', NULL, NULL),
(36, 'Science Fiction', NULL, NULL),
(37, 'Comedy', NULL, NULL),
(38, 'Psychology', NULL, NULL),
(39, 'Thriller', NULL, NULL),
(40, 'History', NULL, NULL),
(42, 'Mystery', NULL, NULL),
(43, 'Biography', NULL, NULL),
(44, 'Adventure', NULL, NULL),
(45, 'Fiction', NULL, NULL),
(46, 'Children', NULL, NULL),
(47, 'Adult', NULL, NULL),
(48, 'Non-Fiction', NULL, NULL),
(49, 'Crime', NULL, NULL),
(50, 'Action', NULL, NULL),
(51, 'Suspense', NULL, NULL),
(52, 'Drama', NULL, NULL);

-- --------------------------------------------------------

--
-- Table structure for table `jobs`
--

CREATE TABLE `jobs` (
  `id` bigint UNSIGNED NOT NULL,
  `queue` varchar(255) COLLATE utf8mb4_unicode_ci NOT NULL,
  `payload` longtext COLLATE utf8mb4_unicode_ci NOT NULL,
  `attempts` tinyint UNSIGNED NOT NULL,
  `reserved_at` int UNSIGNED DEFAULT NULL,
  `available_at` int UNSIGNED NOT NULL,
  `created_at` int UNSIGNED NOT NULL
) ENGINE=InnoDB DEFAULT CHARSET=utf8mb4 COLLATE=utf8mb4_unicode_ci;

-- --------------------------------------------------------

--
-- Table structure for table `job_batches`
--

CREATE TABLE `job_batches` (
  `id` varchar(255) COLLATE utf8mb4_unicode_ci NOT NULL,
  `name` varchar(255) COLLATE utf8mb4_unicode_ci NOT NULL,
  `total_jobs` int NOT NULL,
  `pending_jobs` int NOT NULL,
  `failed_jobs` int NOT NULL,
  `failed_job_ids` longtext COLLATE utf8mb4_unicode_ci NOT NULL,
  `options` mediumtext COLLATE utf8mb4_unicode_ci,
  `cancelled_at` int DEFAULT NULL,
  `created_at` int NOT NULL,
  `finished_at` int DEFAULT NULL
) ENGINE=InnoDB DEFAULT CHARSET=utf8mb4 COLLATE=utf8mb4_unicode_ci;

-- --------------------------------------------------------

--
-- Table structure for table `migrations`
--

CREATE TABLE `migrations` (
  `id` int UNSIGNED NOT NULL,
  `migration` varchar(255) COLLATE utf8mb4_unicode_ci NOT NULL,
  `batch` int NOT NULL
) ENGINE=InnoDB DEFAULT CHARSET=utf8mb4 COLLATE=utf8mb4_unicode_ci;

--
-- Dumping data for table `migrations`
--

INSERT INTO `migrations` (`id`, `migration`, `batch`) VALUES
(11, '0001_01_01_000000_create_users_table', 1),
(12, '0001_01_01_000001_create_cache_table', 1),
(13, '0001_01_01_000002_create_jobs_table', 1),
(14, '2025_03_04_192047_create_books_table', 1),
(15, '2025_03_04_211640_create_borrows_table', 1),
(17, '2025_03_24_012218_add_image_to_books_table', 2),
(18, '2025_03_24_013043_add_status_to_books_table', 3),
(19, '2025_04_18_061721_create_book_genre_table', 4),
(20, '2025_04_18_063546_create_genres_table', 4),
(21, '2025_04_25_005948_create_notifications_table', 5);

-- --------------------------------------------------------

--
-- Table structure for table `notifications`
--

CREATE TABLE `notifications` (
  `id` char(36) COLLATE utf8mb4_unicode_ci NOT NULL,
  `type` varchar(255) COLLATE utf8mb4_unicode_ci NOT NULL,
  `notifiable_type` varchar(255) COLLATE utf8mb4_unicode_ci NOT NULL,
  `notifiable_id` bigint UNSIGNED NOT NULL,
  `data` text COLLATE utf8mb4_unicode_ci NOT NULL,
  `read_at` timestamp NULL DEFAULT NULL,
  `created_at` timestamp NULL DEFAULT NULL,
  `updated_at` timestamp NULL DEFAULT NULL
) ENGINE=InnoDB DEFAULT CHARSET=utf8mb4 COLLATE=utf8mb4_unicode_ci;

-- --------------------------------------------------------

--
-- Table structure for table `password_reset_tokens`
--

CREATE TABLE `password_reset_tokens` (
  `email` varchar(255) COLLATE utf8mb4_unicode_ci NOT NULL,
  `token` varchar(255) COLLATE utf8mb4_unicode_ci NOT NULL,
  `created_at` timestamp NULL DEFAULT NULL
) ENGINE=InnoDB DEFAULT CHARSET=utf8mb4 COLLATE=utf8mb4_unicode_ci;

-- --------------------------------------------------------

--
-- Table structure for table `sessions`
--

CREATE TABLE `sessions` (
  `id` varchar(255) COLLATE utf8mb4_unicode_ci NOT NULL,
  `user_id` bigint UNSIGNED DEFAULT NULL,
  `ip_address` varchar(45) COLLATE utf8mb4_unicode_ci DEFAULT NULL,
  `user_agent` text COLLATE utf8mb4_unicode_ci,
  `payload` longtext COLLATE utf8mb4_unicode_ci NOT NULL,
  `last_activity` int NOT NULL
) ENGINE=InnoDB DEFAULT CHARSET=utf8mb4 COLLATE=utf8mb4_unicode_ci;

--
-- Dumping data for table `sessions`
--

INSERT INTO `sessions` (`id`, `user_id`, `ip_address`, `user_agent`, `payload`, `last_activity`) VALUES
('BKCZTzcmJZtVC6Vo0lX3WAAZ9QjPvwDnTkP0jLLA', NULL, '127.0.0.1', 'Mozilla/5.0 (Windows NT 10.0; Win64; x64) AppleWebKit/537.36 (KHTML, like Gecko) Chrome/135.0.0.0 Safari/537.36', 'YTo1OntzOjY6Il90b2tlbiI7czo0MDoibW9nWDZoZExISHFjYzUxc3hyMzFubzVsZFQzTHFvdnB5d1IzVTA0YiI7czo5OiJfcHJldmlvdXMiO2E6MTp7czozOiJ1cmwiO3M6MjU6Imh0dHA6Ly9saWJyYXJ5LnRlc3QvbG9naW4iO31zOjY6Il9mbGFzaCI7YToyOntzOjM6Im9sZCI7YTowOnt9czozOiJuZXciO2E6MDp7fX1zOjUwOiJsb2dpbl93ZWJfNTliYTM2YWRkYzJiMmY5NDAxNTgwZjAxNGM3ZjU4ZWE0ZTMwOTg5ZCI7TjtzOjM6InVybCI7YToxOntzOjg6ImludGVuZGVkIjtzOjI5OiJodHRwOi8vbGlicmFyeS50ZXN0L2Rhc2hib2FyZCI7fX0=', 1744960050),
('gZl10Yt6lbIbkO9gMC1k5FIlERWtqWF9818JHekR', NULL, '127.0.0.1', 'Mozilla/5.0 (Windows NT 10.0; Win64; x64) AppleWebKit/537.36 (KHTML, like Gecko) Herd/1.19.1 Chrome/120.0.6099.291 Electron/28.2.5 Safari/537.36', 'YTozOntzOjY6Il90b2tlbiI7czo0MDoiZ0xsYTdadXdFWWJFU012NFZnZktLaGRFd2paSzljcHR2YUVvdFFDdCI7czo5OiJfcHJldmlvdXMiO2E6MTp7czozOiJ1cmwiO3M6MzM6Imh0dHA6Ly9saWJyYXJ5LnRlc3QvP2hlcmQ9cHJldmlldyI7fXM6NjoiX2ZsYXNoIjthOjI6e3M6Mzoib2xkIjthOjA6e31zOjM6Im5ldyI7YTowOnt9fX0=', 1745199552),
('lY9OJgAwmZTs1qFJK8Rx5hqtdD2r4AlEGYJhaRS1', NULL, '127.0.0.1', 'Mozilla/5.0 (Windows NT 10.0; Win64; x64) AppleWebKit/537.36 (KHTML, like Gecko) Herd/1.19.1 Chrome/120.0.6099.291 Electron/28.2.5 Safari/537.36', 'YTozOntzOjY6Il90b2tlbiI7czo0MDoiWllucUtaTm5DUWtkT1VwbWhrSzV6OEV2bzl4UEx0a1lNSHpIUWlGeSI7czo5OiJfcHJldmlvdXMiO2E6MTp7czozOiJ1cmwiO3M6MzM6Imh0dHA6Ly9saWJyYXJ5LnRlc3QvP2hlcmQ9cHJldmlldyI7fXM6NjoiX2ZsYXNoIjthOjI6e3M6Mzoib2xkIjthOjA6e31zOjM6Im5ldyI7YTowOnt9fX0=', 1745289799),
('s78j1gmpEkOhKMwjBJiHJnqiyVVGJxg4gLuypDT9', NULL, '127.0.0.1', 'Mozilla/5.0 (Windows NT 10.0; Win64; x64) AppleWebKit/537.36 (KHTML, like Gecko) Chrome/135.0.0.0 Safari/537.36', 'YTo1OntzOjY6Il90b2tlbiI7czo0MDoiM1U3ZlRzUlhpSzczOFlzU3pRYWU0b0VEbkQxVVNHN1VCbERRN05pUyI7czo2OiJfZmxhc2giO2E6Mjp7czozOiJvbGQiO2E6MDp7fXM6MzoibmV3IjthOjA6e319czo5OiJfcHJldmlvdXMiO2E6MTp7czozOiJ1cmwiO3M6MjU6Imh0dHA6Ly9saWJyYXJ5LnRlc3QvbG9naW4iO31zOjUwOiJsb2dpbl93ZWJfNTliYTM2YWRkYzJiMmY5NDAxNTgwZjAxNGM3ZjU4ZWE0ZTMwOTg5ZCI7TjtzOjM6InVybCI7YToxOntzOjg6ImludGVuZGVkIjtzOjI5OiJodHRwOi8vbGlicmFyeS50ZXN0L2Rhc2hib2FyZCI7fX0=', 1745305379),
('VeUPRVRdf4wscWzM3mbUDxT9DR1NPIIcaxZ2iiSD', NULL, '127.0.0.1', 'Mozilla/5.0 (Windows NT 10.0; Win64; x64) AppleWebKit/537.36 (KHTML, like Gecko) Chrome/135.0.0.0 Safari/537.36', 'YTo1OntzOjY6Il90b2tlbiI7czo0MDoiNW9UWGFPclJqNzJZREU4UDFNRWdDU2lHQXVHanhpUFlTdVpNNjY2YiI7czo5OiJfcHJldmlvdXMiO2E6MTp7czozOiJ1cmwiO3M6MjU6Imh0dHA6Ly9saWJyYXJ5LnRlc3QvbG9naW4iO31zOjY6Il9mbGFzaCI7YToyOntzOjM6Im9sZCI7YTowOnt9czozOiJuZXciO2E6MDp7fX1zOjUwOiJsb2dpbl93ZWJfNTliYTM2YWRkYzJiMmY5NDAxNTgwZjAxNGM3ZjU4ZWE0ZTMwOTg5ZCI7TjtzOjM6InVybCI7YToxOntzOjg6ImludGVuZGVkIjtzOjI5OiJodHRwOi8vbGlicmFyeS50ZXN0L2Rhc2hib2FyZCI7fX0=', 1745199569),
('yWAeLVYMbYz9ZTyYitRzexWXSSdlaXb6BHI0X0u1', NULL, '127.0.0.1', 'Mozilla/5.0 (Windows NT 10.0; Win64; x64) AppleWebKit/537.36 (KHTML, like Gecko) Chrome/135.0.0.0 Safari/537.36', 'YTo1OntzOjY6Il90b2tlbiI7czo0MDoiek9QSDk4WWpvdmlsdUpXelpmNWlCaGZkUDRBOHRKaTYxVVZreTZJSSI7czo5OiJfcHJldmlvdXMiO2E6MTp7czozOiJ1cmwiO3M6MjU6Imh0dHA6Ly9saWJyYXJ5LnRlc3QvbG9naW4iO31zOjY6Il9mbGFzaCI7YToyOntzOjM6Im9sZCI7YTowOnt9czozOiJuZXciO2E6MDp7fX1zOjUwOiJsb2dpbl93ZWJfNTliYTM2YWRkYzJiMmY5NDAxNTgwZjAxNGM3ZjU4ZWE0ZTMwOTg5ZCI7TjtzOjM6InVybCI7YToxOntzOjg6ImludGVuZGVkIjtzOjI5OiJodHRwOi8vbGlicmFyeS50ZXN0L2Rhc2hib2FyZCI7fX0=', 1745292455);

-- --------------------------------------------------------

--
-- Table structure for table `users`
--

CREATE TABLE `users` (
  `user_id` bigint UNSIGNED NOT NULL,
  `name` varchar(255) COLLATE utf8mb4_unicode_ci NOT NULL,
  `email` varchar(255) COLLATE utf8mb4_unicode_ci NOT NULL,
  `email_verified_at` timestamp NULL DEFAULT NULL,
  `phone_number` varchar(100) COLLATE utf8mb4_unicode_ci DEFAULT NULL,
  `address` varchar(10000) CHARACTER SET utf8mb4 COLLATE utf8mb4_unicode_ci DEFAULT NULL,
  `profile_picture` varchar(100) CHARACTER SET utf8mb4 COLLATE utf8mb4_unicode_ci DEFAULT NULL,
  `password` varchar(255) COLLATE utf8mb4_unicode_ci NOT NULL,
  `role` enum('admin','borrower') COLLATE utf8mb4_unicode_ci NOT NULL DEFAULT 'borrower',
  `remember_token` varchar(100) COLLATE utf8mb4_unicode_ci DEFAULT NULL,
  `created_at` timestamp NULL DEFAULT NULL,
  `updated_at` timestamp NULL DEFAULT NULL
) ENGINE=InnoDB DEFAULT CHARSET=utf8mb4 COLLATE=utf8mb4_unicode_ci;

--
-- Dumping data for table `users`
--

INSERT INTO `users` (`user_id`, `name`, `email`, `email_verified_at`, `phone_number`, `address`, `profile_picture`, `password`, `role`, `remember_token`, `created_at`, `updated_at`) VALUES
(2, 'Admin User', 'admin@example.com', NULL, NULL, NULL, NULL, '$2y$12$l.b.f9qgzltXBoFW1xRRFeGQ0lY/HSWfNHkCk2iKqL6p9ABLwU5tS', 'admin', NULL, '2025-03-05 01:47:28', '2025-03-05 01:47:28'),
(16, 'fadhil', 'madanishofa@gmail.com', '2025-04-30 11:36:12', '123123123123', 'Jl. Gempol Raya No.2a, Gempol, Condongcatur, Kec. Depok, Kabupaten Sleman, Daerah Istimewa Yogyakarta 55281', NULL, '$2y$12$o48yMv0mmzmfJMh/Wm65vOhr1Tpg7Yxk5wU4Pi0JeiIk1KMfrxd3i', 'borrower', NULL, '2025-04-30 11:35:10', '2025-04-30 11:36:40'),
(17, 'lewis', 'iotanine69@gmail.com', NULL, NULL, NULL, NULL, '$2y$12$11WEKNMUL7bnDVVMbtYt.O/7Az0nxWrK7jcgeTZZzBdcJh3H1rFvm', 'borrower', NULL, '2025-05-02 03:25:59', '2025-05-02 03:25:59'),
(18, 'Sepep', 'posterashit@gmail.com', '2025-05-02 16:01:38', '123123123123', 'Jl. Gempol Raya No.2a, Gempol, Condongcatur, Kec. Depok, Kabupaten Sleman, Daerah Istimewa Yogyakarta 55281', 'profile_6814ecaf5c2fb.webp', '$2y$12$gB3rULuJ3yEqYNiUlRjuHOcg/A/1Mt3HIwpx7oOY8bZfujCwoJ8R2', 'borrower', NULL, '2025-05-02 15:59:56', '2025-05-02 16:02:56');

--
-- Indexes for dumped tables
--

--
-- Indexes for table `books`
--
ALTER TABLE `books`
  ADD PRIMARY KEY (`book_id`),
  ADD UNIQUE KEY `code_unique` (`code`);

--
-- Indexes for table `book_genre`
--
ALTER TABLE `book_genre`
  ADD PRIMARY KEY (`book_id`,`genre_id`),
  ADD KEY `book_genre_genre_id_foreign` (`genre_id`);

--
-- Indexes for table `borrows`
--
ALTER TABLE `borrows`
  ADD PRIMARY KEY (`borrow_id`),
  ADD UNIQUE KEY `code` (`borrow_code`),
  ADD KEY `borrows_user_id_foreign` (`user_id`),
  ADD KEY `borrows_book_id_foreign` (`book_id`);

--
-- Indexes for table `cache`
--
ALTER TABLE `cache`
  ADD PRIMARY KEY (`key`);

--
-- Indexes for table `cache_locks`
--
ALTER TABLE `cache_locks`
  ADD PRIMARY KEY (`key`);

--
-- Indexes for table `failed_jobs`
--
ALTER TABLE `failed_jobs`
  ADD PRIMARY KEY (`id`),
  ADD UNIQUE KEY `failed_jobs_uuid_unique` (`uuid`);

--
-- Indexes for table `genres`
--
ALTER TABLE `genres`
  ADD PRIMARY KEY (`genre_id`);

--
-- Indexes for table `jobs`
--
ALTER TABLE `jobs`
  ADD PRIMARY KEY (`id`),
  ADD KEY `jobs_queue_index` (`queue`);

--
-- Indexes for table `job_batches`
--
ALTER TABLE `job_batches`
  ADD PRIMARY KEY (`id`);

--
-- Indexes for table `migrations`
--
ALTER TABLE `migrations`
  ADD PRIMARY KEY (`id`);

--
-- Indexes for table `notifications`
--
ALTER TABLE `notifications`
  ADD PRIMARY KEY (`id`),
  ADD KEY `notifications_notifiable_type_notifiable_id_index` (`notifiable_type`,`notifiable_id`);

--
-- Indexes for table `password_reset_tokens`
--
ALTER TABLE `password_reset_tokens`
  ADD PRIMARY KEY (`email`);

--
-- Indexes for table `sessions`
--
ALTER TABLE `sessions`
  ADD PRIMARY KEY (`id`),
  ADD KEY `sessions_user_id_index` (`user_id`),
  ADD KEY `sessions_last_activity_index` (`last_activity`);

--
-- Indexes for table `users`
--
ALTER TABLE `users`
  ADD PRIMARY KEY (`user_id`),
  ADD UNIQUE KEY `users_email_unique` (`email`);

--
-- AUTO_INCREMENT for dumped tables
--

--
-- AUTO_INCREMENT for table `books`
--
ALTER TABLE `books`
  MODIFY `book_id` bigint UNSIGNED NOT NULL AUTO_INCREMENT, AUTO_INCREMENT=79;

--
-- AUTO_INCREMENT for table `borrows`
--
ALTER TABLE `borrows`
  MODIFY `borrow_id` bigint UNSIGNED NOT NULL AUTO_INCREMENT, AUTO_INCREMENT=12;

--
-- AUTO_INCREMENT for table `failed_jobs`
--
ALTER TABLE `failed_jobs`
  MODIFY `id` bigint UNSIGNED NOT NULL AUTO_INCREMENT, AUTO_INCREMENT=14;

--
-- AUTO_INCREMENT for table `genres`
--
ALTER TABLE `genres`
  MODIFY `genre_id` bigint UNSIGNED NOT NULL AUTO_INCREMENT, AUTO_INCREMENT=53;

--
-- AUTO_INCREMENT for table `jobs`
--
ALTER TABLE `jobs`
  MODIFY `id` bigint UNSIGNED NOT NULL AUTO_INCREMENT, AUTO_INCREMENT=264;

--
-- AUTO_INCREMENT for table `migrations`
--
ALTER TABLE `migrations`
  MODIFY `id` int UNSIGNED NOT NULL AUTO_INCREMENT, AUTO_INCREMENT=22;

--
-- AUTO_INCREMENT for table `users`
--
ALTER TABLE `users`
  MODIFY `user_id` bigint UNSIGNED NOT NULL AUTO_INCREMENT, AUTO_INCREMENT=19;

--
-- Constraints for dumped tables
--

--
-- Constraints for table `book_genre`
--
ALTER TABLE `book_genre`
  ADD CONSTRAINT `book_genre_book_id_foreign` FOREIGN KEY (`book_id`) REFERENCES `books` (`book_id`) ON DELETE CASCADE;

--
-- Constraints for table `borrows`
--
ALTER TABLE `borrows`
  ADD CONSTRAINT `borrows_book_id_foreign` FOREIGN KEY (`book_id`) REFERENCES `books` (`book_id`) ON DELETE CASCADE,
  ADD CONSTRAINT `borrows_user_id_foreign` FOREIGN KEY (`user_id`) REFERENCES `users` (`user_id`) ON DELETE CASCADE;
COMMIT;

/*!40101 SET CHARACTER_SET_CLIENT=@OLD_CHARACTER_SET_CLIENT */;
/*!40101 SET CHARACTER_SET_RESULTS=@OLD_CHARACTER_SET_RESULTS */;
/*!40101 SET COLLATION_CONNECTION=@OLD_COLLATION_CONNECTION */;
